section_id,course_id,subject_code,catalog_number,instructors,status,available_seats,waitlist_total,capacity,enrolled,instruction_mode,is_asynchronous,section_requisites
,,,,Christopher Choi,OPEN,,,3,1,,,
,,,,"Stephanie Kann,Drew Graf",OPEN,,,40,11,,,
,,,,"Stephanie Kann,Drew Graf",OPEN,,,45,16,,,
,,,,"Stephanie Kann,Drew Graf",OPEN,,,40,4,,,
,,,,"Stephanie Kann,Drew Graf",OPEN,,,35,27,,,
,,,,"Stephanie Kann,Drew Graf",OPEN,,,15,4,,,
,,,,"Stephanie Kann,Drew Graf",OPEN,,,10,1,,,
,,,,"Stephanie Kann,Drew Graf",OPEN,,,50,10,,,
,,,,"Stephanie Kann,Drew Graf",OPEN,,,5,1,,,
,,,,"Stephanie Kann,Drew Graf",OPEN,,,100,42,,,
,,,,"Stephanie Kann,Drew Graf",OPEN,,,5,1,,,
,,,,"Alicia Lee,Eleni Katz,Conor Nelson,Lindsay Flowers Koh,Walter Puyear",CLOSED,,,12,12,,,
,,,,Todd Hammes,OPEN,,,8,1,,,
,,,,Scott Teeple,OPEN,,,60,37,,,
,,,,Corey Pompey,OPEN,,,75,43,,,
,,,,"Corey Pompey,Herb Payung,Joshua Baker,Ben Grochowsky,R. Louis Vajda,Ryan Valdivia,Tanner Day,Spencer Hart,Tyler Schuster",OPEN,,,313,286,,,
,,,,"Scott Teeple,Ben Grochowsky,Tyler Schuster",OPEN,,,120,71,,,
,,,,"Scott Teeple,R. Louis Vajda",OPEN,,,120,101,,,
,,,,"Scott Teeple,Herb Payung",OPEN,,,120,97,,,
,,,,"Mariana De Oliveira Farah,Monica Bertrand",OPEN,,,60,33,,,
,,,,"Benjamin Hanson,Mariana De Oliveira Farah,Monica Bertrand",OPEN,,,100,94,,,
,,,,"Bert Pinsonneault,Benjamin Hanson,Mariana De Oliveira Farah,Monica Bertrand",OPEN,,,60,47,,,
,,,,"Mariana De Oliveira Farah,Alessio Tranchell",OPEN,,,120,70,,,
,,,,"Oriol Sans Arrufat,Heejo Yang,Ben Campbell,McKenna Taylor,Jun Lee,Jared Sierra",OPEN,,,105,63,,,
,,,,"Oriol Sans Arrufat,Heejo Yang,Ben Campbell,McKenna Taylor,Jun Lee,Jared Sierra",OPEN,,,105,95,,,
,,,,"Oriol Sans Arrufat,Jared Sierra",OPEN,,,80,77,,,
,,,,Ruocheng Yang,OPEN,,,50,47,,,
,,,,Anuk Dayaprema,OPEN,,,50,40,,,
,,,,Joanna Wangerin,WAITLISTED,,,39,39,,,
,,,,Joanna Wangerin,CLOSED,,,30,28,,,
,,,,Joanna Wangerin,CLOSED,,,40,38,,,
,,,,Joanna Wangerin,WAITLISTED,,,40,42,,,
,,,,Joanna Wangerin,CLOSED,,,40,39,,,
,,,,Joanna Wangerin,WAITLISTED,,,43,43,,,
,,,,Joanna Wangerin,CLOSED,,,40,39,,,
,,,,Joanna Wangerin,CLOSED,,,37,34,,,
,,,,Joanna Wangerin,CLOSED,,,39,37,,,
,,,,Joanna Wangerin,CLOSED,,,42,41,,,
,,,,Joanna Wangerin,CLOSED,,,38,37,,,
,,,,Joanna Wangerin,CLOSED,,,35,32,,,
,,,,Joanna Wangerin,WAITLISTED,,,40,40,,,
,,,,Joanna Wangerin,CLOSED,,,40,37,,,
,,,,Xi Jin,CLOSED,,,24,24,,,
,,,,Morgan Smallwood,CLOSED,,,80,80,,,
,,,,Leah Horowitz,WAITLISTED,,,25,25,,,
,,,,Leah Horowitz,OPEN,,,25,19,,,
,,,,Leah Horowitz,OPEN,,,25,13,,,
,,,,Leah Horowitz,OPEN,,,25,23,,,
,,,,Leah Horowitz,WAITLISTED,,,25,25,,,
,,,,Leah Horowitz,OPEN,,,25,24,,,
,,,,Leah Horowitz,OPEN,,,25,13,,,
,,,,Leah Horowitz,WAITLISTED,,,25,25,,,
,,,,Leah Horowitz,WAITLISTED,,,25,25,,,
,,,,Heather Schatz,WAITLISTED,,,18,18,,,
,,,,Heather Schatz,WAITLISTED,,,18,18,,,
,,,,Heather Schatz,WAITLISTED,,,18,18,,,
,,,,Heather Schatz,WAITLISTED,,,18,18,,,
,,,,Heather Schatz,WAITLISTED,,,18,18,,,
,,,,Heather Schatz,WAITLISTED,,,18,18,,,
,,,,Heather Schatz,OPEN,,,18,17,,,
,,,,Heather Schatz,WAITLISTED,,,18,18,,,
,,,,Heather Schatz,OPEN,,,18,16,,,
,,,,Heather Schatz,OPEN,,,18,16,,,
,,,,Heather Schatz,WAITLISTED,,,18,18,,,
,,,,Heather Schatz,WAITLISTED,,,18,18,,,
,,,,Heather Schatz,WAITLISTED,,,18,18,,,
,,,,Heather Schatz,OPEN,,,18,17,,,
,,,,Heather Schatz,WAITLISTED,,,18,18,,,
,,,,Heather Schatz,WAITLISTED,,,18,18,,,
,,,,Heather Schatz,OPEN,,,18,17,,,
,,,,Heather Schatz,WAITLISTED,,,18,18,,,
,,,,Heather Schatz,WAITLISTED,,,18,18,,,
,,,,Heather Schatz,WAITLISTED,,,18,18,,,
,,,,Heather Schatz,OPEN,,,18,17,,,
,,,,Heather Schatz,OPEN,,,18,17,,,
,,,,Heather Schatz,WAITLISTED,,,18,18,,,
,,,,Heather Schatz,WAITLISTED,,,18,18,,,
,,,,Heather Schatz,OPEN,,,18,17,,,
,,,,Heather Schatz,WAITLISTED,,,18,18,,,
,,,,Heather Schatz,WAITLISTED,,,18,18,,,
,,,,Heather Schatz,OPEN,,,18,17,,,
,,,,Heather Schatz,OPEN,,,18,15,,,
,,,,Heather Schatz,WAITLISTED,,,18,18,,,
,,,,"Junko Mori,Elizabeth Peterson",OPEN,,,100,83,,,
,,,,"Junko Mori,Elizabeth Peterson",OPEN,,,100,83,,,
,,,,"Jonathan Martin,Adrianna Modelska",OPEN,,,250,159,,,
,,,,"Danielle Widner,Mario Pennella",OPEN,,,30,14,,,
,,,,"Danielle Widner,Mario Pennella",WAITLISTED,,,30,30,,,
,,,,Catherine Woodward,OPEN,,,18,10,,,
,,,,Catherine Woodward,OPEN,,,18,16,,,
,,,,Catherine Woodward,OPEN,,,18,16,,,
,,,,Catherine Woodward,WAITLISTED,,,18,18,,,
,,,,Catherine Woodward,OPEN,,,18,14,,,
,,,,Catherine Woodward,OPEN,,,18,13,,,
,,,,Catherine Woodward,OPEN,,,18,10,,,
,,,,Catherine Woodward,OPEN,,,18,17,,,
,,,,Rachel Hutchins,CLOSED,,,15,15,,,
,,,,Rachel Hutchins,OPEN,,,15,14,,,
,,,,Shuvam Das,CLOSED,,,15,15,,,
,,,,Linwei Ding,CLOSED,,,15,15,,,
,,,,Shreya Singh,CLOSED,,,15,15,,,
,,,,Lance St. Laurent,OPEN,,,15,14,,,
,,,,Bengisu Simsek,CLOSED,,,15,15,,,
,,,,Linwei Ding,CLOSED,,,15,15,,,
,,,,Shuvam Das,OPEN,,,15,14,,,
,,,,Shreya Singh,CLOSED,,,15,15,,,
,,,,Hsuan-I Huang,CLOSED,,,15,15,,,
,,,,Lance St. Laurent,CLOSED,,,15,15,,,
,,,,Bengisu Simsek,CLOSED,,,15,15,,,
,,,,Hsuan-I Huang,CLOSED,,,15,15,,,
,,,,Chang-Ching Su,CLOSED,,,15,15,,,
,,,,Zoe Miller,CLOSED,,,15,15,,,
,,,,Zexuan Lin,OPEN,,,15,14,,,
,,,,Chang-Ching Su,CLOSED,,,15,15,,,
,,,,Rhea Zhu,CLOSED,,,15,15,,,
,,,,Zexuan Lin,OPEN,,,15,14,,,
,,,,Zoe Miller,CLOSED,,,15,15,,,
,,,,Stephanie Chung,CLOSED,,,15,15,,,
,,,,Stephanie Chung,OPEN,,,15,14,,,
,,,,Payton Cushman,OPEN,,,15,13,,,
,,,,Jiwon Park,CLOSED,,,15,15,,,
,,,,Rhea Zhu,OPEN,,,15,14,,,
,,,,Payton Cushman,CLOSED,,,15,15,,,
,,,,Jiwon Park,OPEN,,,15,14,,,
,,,,Jennifer Fandel,CLOSED,,,0,12,,,
,,,,"Sara Kelm,Theo Campbell",CLOSED,,,19,19,,,
,,,,"Sara Kelm,Nicholas Story",CLOSED,,,19,19,,,
,,,,"Sara Kelm,Gengqi Xiao",CLOSED,,,19,19,,,
,,,,"Sara Kelm,Nicholas Story",CLOSED,,,19,19,,,
,,,,"Sara Kelm,Sydney Goggins",CLOSED,,,19,19,,,
,,,,"Sara Kelm,WALI Ullah",CLOSED,,,19,19,,,
,,,,"Josh Kalscheur,Sara Kelm",CLOSED,,,19,19,,,
,,,,"Kate Merz,Sara Kelm",CLOSED,,,19,19,,,
,,,,"Sara Kelm,Caden Holbrook",CLOSED,,,19,19,,,
,,,,"Sara Kelm,Charles Muhumuza",CLOSED,,,19,19,,,
,,,,"Sara Kelm,Dragan Katarina Mikulin",CLOSED,,,19,19,,,
,,,,"Sara Kelm,Benjamin Klug",CLOSED,,,19,19,,,
,,,,"Sara Kelm,Hyorim Joe",CLOSED,,,19,19,,,
,,,,"Sara Kelm,Jagravi Dave",CLOSED,,,19,19,,,
,,,,"Marjorie Rhine,Sara Kelm",CLOSED,,,19,19,,,
,,,,"Sara Kelm,Felix Lecocq",CLOSED,,,19,19,,,
,,,,"Marjorie Rhine,Sara Kelm",CLOSED,,,19,19,,,
,,,,"Sara Kelm,Audrey Gradzewicz",OPEN,,,19,18,,,
,,,,"Sara Kelm,Lindsay Jacoby",CLOSED,,,19,19,,,
,,,,"Sara Kelm,Song Zhou",OPEN,,,19,18,,,
,,,,"Sara Kelm,Shourya Mohaniya",CLOSED,,,19,19,,,
,,,,"Sara Kelm,Dylan Couch",CLOSED,,,19,19,,,
,,,,"Sara Kelm,Shah Tazrian Ashrafi",CLOSED,,,19,19,,,
,,,,"Sara Kelm,Gabriella Balza",CLOSED,,,19,19,,,
,,,,"Kate Merz,Sara Kelm",CLOSED,,,19,19,,,
,,,,"Sara Kelm,Hannah Mackey",CLOSED,,,19,19,,,
,,,,"Sara Kelm,Nafisa Omar",CLOSED,,,19,19,,,
,,,,"Sara Kelm,Mandy Tu",CLOSED,,,19,19,,,
,,,,"Sara Kelm,Vivian Nash",CLOSED,,,19,19,,,
,,,,"Sara Kelm,Javier Rosario",CLOSED,,,19,19,,,
,,,,"Sara Kelm,Rabia Perez",CLOSED,,,19,19,,,
,,,,"Sara Kelm,Ruth Adeniyi",CLOSED,,,19,19,,,
,,,,"Sara Kelm,Lilian Abunga",OPEN,,,19,18,,,
,,,,"Sara Kelm,Ellie Kincaid",OPEN,,,19,18,,,
,,,,"Sara Kelm,RIMA Hammo",CLOSED,,,19,19,,,
,,,,"Sara Kelm,CADE Olmstead",OPEN,,,19,18,,,
,,,,"Sara Kelm,Rogelio Ramires",OPEN,,,19,17,,,
,,,,"Sara Kelm,Nicole Ramer",CLOSED,,,19,19,,,
,,,,"Sara Kelm,Macy Floyd",CLOSED,,,19,19,,,
,,,,"Sara Kelm,Jason Han",CLOSED,,,19,19,,,
,,,,"Sara Kelm,Joseph Turner",CLOSED,,,19,19,,,
,,,,"Sara Kelm,Oscar Useche",CLOSED,,,19,19,,,
,,,,"Sara Kelm,Katherine Liu",OPEN,,,19,18,,,
,,,,"Sara Kelm,William Zeng",OPEN,,,19,18,,,
,,,,"Sara Kelm,Aruzhan Dauletkhan",CLOSED,,,19,19,,,
,,,,"Sara Kelm,Kevin De Armas",CLOSED,,,19,19,,,
,,,,"Sara Kelm,Iman Sheydaei",CLOSED,,,19,19,,,
,,,,"Sara Kelm,Zimo Kong",CLOSED,,,19,19,,,
,,,,"Sara Kelm,Evangeline Wilder",OPEN,,,19,18,,,
,,,,"Sara Kelm,Addison McDaniel",OPEN,,,19,18,,,
,,,,"Sara Kelm,Lucas Annear",CLOSED,,,19,19,,,
,,,,"Sara Kelm,Andrew Buchheim",CLOSED,,,19,19,,,
,,,,Lowell Brower,OPEN,,,20,19,,,
,,,,Lowell Brower,OPEN,,,20,19,,,
,,,,Lowell Brower,OPEN,,,20,16,,,
,,,,Lowell Brower,OPEN,,,20,17,,,
,,,,Lowell Brower,OPEN,,,20,18,,,
,,,,Lowell Brower,WAITLISTED,,,20,20,,,
,,,,Lowell Brower,OPEN,,,20,19,,,
,,,,Lowell Brower,WAITLISTED,,,20,20,,,
,,,,Lowell Brower,WAITLISTED,,,20,20,,,
,,,,Lowell Brower,WAITLISTED,,,20,20,,,
,,,,Stephen Meyers,OPEN,,,23,16,,,
,,,,Stephen Meyers,CLOSED,,,23,23,,,
,,,,Stephen Meyers,CLOSED,,,23,23,,,
,,,,Stephen Meyers,CLOSED,,,23,23,,,
,,,,Stephen Meyers,OPEN,,,23,22,,,
,,,,Stephen Meyers,OPEN,,,23,22,,,
,,,,Stephen Meyers,CLOSED,,,23,23,,,
,,,,Stephen Meyers,OPEN,,,23,22,,,
,,,,Stephen Meyers,OPEN,,,23,21,,,
,,,,Stephen Meyers,OPEN,,,23,22,,,
,,,,Stephen Meyers,CLOSED,,,23,23,,,
,,,,Stephen Meyers,OPEN,,,23,19,,,
,,,,Stephen Meyers,CLOSED,,,23,23,,,
,,,,Stephen Meyers,CLOSED,,,23,23,,,
,,,,Stephen Meyers,OPEN,,,23,22,,,
,,,,Stephen Meyers,CLOSED,,,23,24,,,
,,,,Stephen Meyers,CLOSED,,,23,23,,,
,,,,Stephen Meyers,CLOSED,,,23,23,,,
,,,,Stephen Meyers,OPEN,,,23,20,,,
,,,,Stephen Meyers,CLOSED,,,23,28,,,
,,,,Nina Caputo,OPEN,,,35,17,,,
,,,,Nina Caputo,OPEN,,,35,17,,,
,,,,Erin Mcgowan,OPEN,,,100,89,,,
,,,,Erin Mcgowan,OPEN,,,100,87,,,
,,,,"Dominique Brossard,Maya Ticku",WAITLISTED,,,12,15,,,
,,,,"Dominique Brossard,Maya Ticku",WAITLISTED,,,12,16,,,
,,,,"Dominique Brossard,Alexander Kiner",WAITLISTED,,,12,14,,,
,,,,"Dominique Brossard,Veronica Mingle",WAITLISTED,,,12,14,,,
,,,,"Dominique Brossard,Veronica Mingle",WAITLISTED,,,12,16,,,
,,,,"Dominique Brossard,Anna Long",WAITLISTED,,,12,16,,,
,,,,"Dominique Brossard,Alexander Kiner",WAITLISTED,,,12,15,,,
,,,,"Dominique Brossard,Anna Long",WAITLISTED,,,12,16,,,
,,,,Timothy Paustian,OPEN,,,350,315,,,
,,,,Sarah Zurawski,OPEN,,,75,66,,,
,,,,"Gabbie Puma,Carlyn Mueller",OPEN,,,80,77,,,
,,,,"Miso Kwak,Gary Lu",OPEN,,,80,73,,,
,,,,Yolanda Shelton-Morris,OPEN,,,80,78,,,
,,,,"Dan Lisowski,Stephen Tabor",OPEN,,,20,19,,,
,,,,"Dan Lisowski,Stephen Tabor",OPEN,,,20,17,,,
,,,,"Dan Lisowski,Stephen Tabor",OPEN,,,20,17,,,
,,,,"Dan Lisowski,Stephen Tabor",OPEN,,,20,14,,,
,,,,"Dan Lisowski,Stephen Tabor",WAITLISTED,,,25,25,,,
,,,,"Dan Lisowski,Stephen Tabor",OPEN,,,25,24,,,
,,,,"Dan Lisowski,Stephen Tabor",OPEN,,,25,20,,,
,,,,"Dan Lisowski,Stephen Tabor",OPEN,,,25,24,,,
,,,,"Dan Lisowski,Stephen Tabor",OPEN,,,25,19,,,
,,,,"Dan Lisowski,Stephen Tabor",OPEN,,,25,19,,,
,,,,Jessica Stovall,OPEN,,,30,9,,,
,,,,Dustin Frye,OPEN,,,25,10,,,
,,,,Dustin Frye,OPEN,,,25,13,,,
,,,,Dustin Frye,OPEN,,,25,13,,,
,,,,Victor Jew,OPEN,,,60,27,,,
,,,,"Jonathan Martin,Adrianna Modelska",CLOSED,,,25,25,,,
,,,,"Jonathan Martin,Adrianna Modelska",OPEN,,,25,6,,,
,,,,"Jonathan Martin,Adrianna Modelska",OPEN,,,25,14,,,
,,,,"Jonathan Martin,Adrianna Modelska",OPEN,,,25,13,,,
,,,,"Jonathan Martin,Adrianna Modelska",OPEN,,,25,22,,,
,,,,"Sharon Thoma,Hilary Dugan",CLOSED,,,400,211,,,
,,,,"Sharon Thoma,Hilary Dugan",CLOSED,,,400,117,,,
,,,,"Jia Zhou,Xiaotian Gong",CLOSED,,,0,1,,,
,,,,"Kimberly Deglopper,SHASHANK Ramesh",CLOSED,,,0,1,,,
,,,,"Jia Zhou,Yajing Lu",CLOSED,,,0,2,,,
,,,,"Alberta Gloria,Yesenia Uribe",OPEN,,,12,5,,,
,,,,"Alberta Gloria,Yesenia Uribe",OPEN,,,12,11,,,
,,,,"Alberta Gloria,Yesenia Uribe",OPEN,,,12,8,,,
,,,,Aj Juarez,OPEN,,,25,21,,,
,,,,Rena Kornblum,OPEN,,,25,20,,,
,,,,Aj Juarez,OPEN,,,30,22,,,
,,,,Karen Mcshane-Hellenbrand,OPEN,,,30,23,,,
,,,,Lars Shimabukuro,OPEN,,,16,14,,,
,,,,Gregory Pac,OPEN,,,23,17,,,
,,,,Gregory Pac,OPEN,,,23,22,,,
,,,,Gregory Pac,OPEN,,,23,22,,,
,,,,Gregory Pac,OPEN,,,23,17,,,
,,,,Gregory Pac,OPEN,,,23,22,,,
,,,,Gregory Pac,OPEN,,,23,22,,,
,,,,Gregory Pac,OPEN,,,23,20,,,
,,,,Gregory Pac,OPEN,,,23,21,,,
,,,,Gregory Pac,OPEN,,,23,21,,,
,,,,Gregory Pac,CLOSED,,,23,23,,,
,,,,Gregory Pac,CLOSED,,,23,23,,,
,,,,Gregory Pac,OPEN,,,23,21,,,
,,,,Gregory Pac,CLOSED,,,23,23,,,
,,,,Gregory Pac,CLOSED,,,23,23,,,
,,,,Steve Trost,CLOSED,,,23,25,,,
,,,,Steve Trost,CLOSED,,,23,24,,,
,,,,Steve Trost,CLOSED,,,23,23,,,
,,,,Steve Trost,CLOSED,,,23,23,,,
,,,,Steve Trost,CLOSED,,,23,22,,,
,,,,Steve Trost,CLOSED,,,23,23,,,
,,,,Steve Trost,CLOSED,,,23,23,,,
,,,,Steve Trost,CLOSED,,,23,22,,,
,,,,Steve Trost,CLOSED,,,23,23,,,
,,,,Steve Trost,CLOSED,,,23,23,,,
,,,,Steve Trost,CLOSED,,,23,23,,,
,,,,Steve Trost,CLOSED,,,23,23,,,
,,,,Steve Trost,CLOSED,,,23,23,,,
,,,,Korinna Hansen,OPEN,,,23,14,,,
,,,,Korinna Hansen,OPEN,,,23,11,,,
,,,,Korinna Hansen,OPEN,,,23,10,,,
,,,,Korinna Hansen,OPEN,,,23,14,,,
,,,,Korinna Hansen,OPEN,,,23,15,,,
,,,,Korinna Hansen,OPEN,,,23,18,,,
,,,,Korinna Hansen,OPEN,,,23,11,,,
,,,,Korinna Hansen,OPEN,,,23,6,,,
,,,,Korinna Hansen,OPEN,,,23,17,,,
,,,,Korinna Hansen,OPEN,,,23,19,,,
,,,,Korinna Hansen,OPEN,,,23,16,,,
,,,,Korinna Hansen,OPEN,,,23,19,,,
,,,,David Johnson,OPEN,,,23,19,,,
,,,,David Johnson,OPEN,,,23,19,,,
,,,,David Johnson,OPEN,,,23,16,,,
,,,,David Johnson,OPEN,,,23,13,,,
,,,,David Johnson,OPEN,,,23,13,,,
,,,,David Johnson,OPEN,,,23,12,,,
,,,,David Johnson,CLOSED,,,23,23,,,
,,,,David Johnson,OPEN,,,23,13,,,
,,,,David Johnson,OPEN,,,23,21,,,
,,,,David Johnson,OPEN,,,23,17,,,
,,,,David Johnson,OPEN,,,23,20,,,
,,,,Nadia Noor,OPEN,,,200,104,,,
,,,,Audrey Jones,OPEN,,,26,7,,,
,,,,Esther Roux-Bourgeois,OPEN,,,26,20,,,
,,,,Ian Irvine,OPEN,,,26,23,,,
,,,,Emma Carter,OPEN,,,26,18,,,
,,,,Rachel Kuo,WAITLISTED,,,20,21,,,
,,,,Rachel Kuo,WAITLISTED,,,20,20,,,
,,,,Rachel Kuo,WAITLISTED,,,20,20,,,
,,,,Rachel Kuo,WAITLISTED,,,20,20,,,
,,,,Rachel Kuo,CLOSED,,,20,19,,,
,,,,Rachel Kuo,WAITLISTED,,,20,20,,,
,,,,Rachel Kuo,WAITLISTED,,,20,20,,,
,,,,Rachel Kuo,WAITLISTED,,,20,20,,,
,,,,Rachel Kuo,WAITLISTED,,,20,20,,,
,,,,Rachel Kuo,WAITLISTED,,,20,20,,,
,,,,Rachel Kuo,WAITLISTED,,,20,20,,,
,,,,Rachel Kuo,WAITLISTED,,,20,20,,,
,,,,William Gartner,OPEN,,,17,11,,,
,,,,William Gartner,OPEN,,,17,15,,,
,,,,William Gartner,OPEN,,,17,8,,,
,,,,William Gartner,OPEN,,,17,13,,,
,,,,William Gartner,OPEN,,,17,10,,,
,,,,William Gartner,OPEN,,,17,5,,,
,,,,William Gartner,OPEN,,,17,1,,,
,,,,William Gartner,OPEN,,,17,3,,,
,,,,William Gartner,OPEN,,,17,15,,,
,,,,William Gartner,OPEN,,,17,15,,,
,,,,William Gartner,WAITLISTED,,,14,14,,,
,,,,William Gartner,WAITLISTED,,,14,14,,,
,,,,"Jeanne Schueller,Anastasiia Stolyarova",OPEN,,,22,11,,,
,,,,"Jeanne Schueller,Isabella Richter",OPEN,,,22,10,,,
,,,,"Jeanne Schueller,Anastasiia Stolyarova",OPEN,,,22,5,,,
,,,,Francis Russo,CLOSED,,,126,107,,,
,,,,Francis Russo,OPEN,,,18,11,,,
,,,,Francis Russo,OPEN,,,18,6,,,
,,,,Francis Russo,OPEN,,,18,17,,,
,,,,Francis Russo,OPEN,,,18,14,,,
,,,,Francis Russo,OPEN,,,18,13,,,
,,,,Francis Russo,OPEN,,,18,15,,,
,,,,Lisa Bhungalia,OPEN,,,17,14,,,
,,,,Lisa Bhungalia,CLOSED,,,17,17,,,
,,,,Lisa Bhungalia,OPEN,,,17,12,,,
,,,,Lisa Bhungalia,CLOSED,,,17,17,,,
,,,,Lisa Bhungalia,OPEN,,,17,16,,,
,,,,Lisa Bhungalia,OPEN,,,17,14,,,
,,,,Sebastian Jimenez,OPEN,,,26,25,,,
,,,,Sara Coppola,OPEN,,,26,12,,,
,,,,Ryan Henke,OPEN,,,25,14,,,
,,,,Ryan Henke,OPEN,,,25,8,,,
,,,,Ryan Henke,OPEN,,,25,14,,,
,,,,Ryan Henke,WAITLISTED,,,25,25,,,
,,,,Ryan Henke,OPEN,,,25,12,,,
,,,,Ryan Henke,OPEN,,,25,10,,,
,,,,Ryan Henke,WAITLISTED,,,25,23,,,
,,,,Ryan Henke,OPEN,,,25,12,,,
,,,,"Katrina Forest,Briana Burton",OPEN,,,400,360,,,
,,,,Emma Cifrino,OPEN,,,10,7,,,
,,,,Emma Cifrino,OPEN,,,20,9,,,
,,,,Emma Cifrino,OPEN,,,21,20,,,
,,,,Emma Cifrino,OPEN,,,20,19,,,
,,,,Emma Cifrino,CLOSED,,,20,20,,,
,,,,Emma Cifrino,OPEN,,,20,11,,,
,,,,Emma Cifrino,CLOSED,,,20,20,,,
,,,,Emma Cifrino,CLOSED,,,20,20,,,
,,,,Emma Cifrino,CLOSED,,,20,20,,,
,,,,"Alexandra Flint,Carmen Lemos Gonzalez",OPEN,,,12,2,,,
,,,,Bruno Whittle,WAITLISTED,,,23,23,,,
,,,,Bruno Whittle,OPEN,,,23,22,,,
,,,,Bruno Whittle,WAITLISTED,,,24,24,,,
,,,,Farid Masrour,WAITLISTED,,,23,23,,,
,,,,Farid Masrour,OPEN,,,23,22,,,
,,,,Farid Masrour,OPEN,,,26,23,,,
,,,,Danielle Clevenger,OPEN,,,23,22,,,
,,,,Danielle Clevenger,WAITLISTED,,,23,23,,,
,,,,Danielle Clevenger,OPEN,,,23,22,,,
,,,,Matthew Maxwell,OPEN,,,25,21,,,
,,,,Matthew Maxwell,OPEN,,,23,20,,,
,,,,Matthew Maxwell,OPEN,,,23,22,,,
,,,,Nadia Noor,OPEN,,,200,49,,,
,,,,Hanna Ballard,OPEN,,,27,25,,,
,,,,Reagan Crouse,OPEN,,,27,24,,,
,,,,Tyler Sampson,OPEN,,,27,20,,,
,,,,Alyssa Pon-Franklin,OPEN,,,27,21,,,
,,,,Alba Martin Bafalluy,OPEN,,,27,13,,,
,,,,"Sharon Thoma,Hilary Dugan",CLOSED,,,400,106,,,
,,,,"Sharon Thoma,Hilary Dugan",CLOSED,,,400,64,,,
,,,,Ethelene Whitmire,OPEN,,,20,3,,,
,,,,Ethelene Whitmire,OPEN,,,20,5,,,
,,,,Ethelene Whitmire,CLOSED,,,20,6,,,
,,,,Ethelene Whitmire,OPEN,,,20,4,,,
,,,,Ethelene Whitmire,OPEN,,,20,5,,,
,,,,Ethelene Whitmire,CLOSED,,,20,2,,,
,,,,Ethelene Whitmire,CLOSED,,,20,1,,,
,,,,Ethelene Whitmire,CLOSED,,,20,5,,,
,,,,"Ryan Hansen,Scott Gross,Divot Ware,Matthew Hodge,Nathan Mallow",OPEN,,,30,15,,,
,,,,"Ryan Hansen,Scott Gross,Divot Ware,Matthew Hodge,Nathan Mallow",OPEN,,,30,12,,,
,,,,Ethelene Whitmire,OPEN,,,20,3,,,
,,,,Ethelene Whitmire,OPEN,,,20,1,,,
,,,,Ethelene Whitmire,WAITLISTED,,,20,4,,,
,,,,Ethelene Whitmire,OPEN,,,20,4,,,
,,,,Ethelene Whitmire,OPEN,,,20,3,,,
,,,,Ethelene Whitmire,WAITLISTED,,,20,7,,,
,,,,Ethelene Whitmire,WAITLISTED,,,20,4,,,
,,,,Ethelene Whitmire,WAITLISTED,,,20,2,,,
,,,,Henry Bunn,OPEN,,,22,13,,,
,,,,Henry Bunn,OPEN,,,22,10,,,
,,,,Henry Bunn,OPEN,,,22,5,,,
,,,,Henry Bunn,OPEN,,,22,11,,,
,,,,Henry Bunn,OPEN,,,22,7,,,
,,,,Henry Bunn,OPEN,,,22,6,,,
,,,,Henry Bunn,OPEN,,,22,9,,,
,,,,Henry Bunn,OPEN,,,22,13,,,
,,,,Chitwing Ng,OPEN,,,18,13,,,
,,,,Mallory Stowe,OPEN,,,18,17,,,
,,,,Matthew Everett,WAITLISTED,,,18,18,,,
,,,,Chitwing Ng,OPEN,,,18,13,,,
,,,,Tiange Li,OPEN,,,18,16,,,
,,,,Tiange Li,OPEN,,,18,17,,,
,,,,Ethelene Whitmire,OPEN,,,20,1,,,
,,,,Ethelene Whitmire,OPEN,,,20,2,,,
,,,,Ethelene Whitmire,CLOSED,,,20,3,,,
,,,,Ethelene Whitmire,OPEN,,,20,1,,,
,,,,Ethelene Whitmire,OPEN,,,20,2,,,
,,,,Ethelene Whitmire,CLOSED,,,20,2,,,
,,,,Ethelene Whitmire,CLOSED,,,20,2,,,
,,,,Ethelene Whitmire,CLOSED,,,20,1,,,
,,,,"Tianlu Zhang,Xinyi Fu",OPEN,,,18,12,,,
,,,,"Tianlu Zhang,Shiyu Xiong",WAITLISTED,,,18,19,,,
,,,,"Tianlu Zhang,Yang Liu",OPEN,,,18,15,,,
,,,,"Tianlu Zhang,Yang Liu",OPEN,,,18,16,,,
,,,,"Shaun Marcott,Natasha Morgan-Witts,Yasmeen Orellana Salazar,Marianne Haseloff",OPEN,,,120,78,,,
,,,,"Gale Oakes,Jinhui Wang",WAITLISTED,,,24,14,,,
,,,,"Gale Oakes,Jinhui Wang",WAITLISTED,,,24,15,,,
,,,,"Gale Oakes,Katie Bollini",OPEN,,,24,14,,,
,,,,"Gale Oakes,Jinhui Wang",WAITLISTED,,,24,21,,,
,,,,"Gale Oakes,Emily Kerns",WAITLISTED,,,24,12,,,
,,,,"Gale Oakes,Emily Adler",OPEN,,,24,18,,,
,,,,"Gale Oakes,Emily Kerns",WAITLISTED,,,24,14,,,
,,,,"Gale Oakes,Emily Adler",WAITLISTED,,,24,15,,,
,,,,"Gale Oakes,Emily Adler",OPEN,,,24,14,,,
,,,,"Gale Oakes,Katie Bollini",OPEN,,,24,15,,,
,,,,"Gale Oakes,Katie Bollini",OPEN,,,24,14,,,
,,,,"Jeremy Weaver,Danny Ruiz De Castilla",CLOSED,,,0,1,,,
,,,,Ethelene Whitmire,OPEN,,,20,1,,,
,,,,Ethelene Whitmire,OPEN,,,20,4,,,
,,,,Ethelene Whitmire,WAITLISTED,,,20,2,,,
,,,,Ethelene Whitmire,OPEN,,,20,2,,,
,,,,Ethelene Whitmire,OPEN,,,20,2,,,
,,,,Ethelene Whitmire,WAITLISTED,,,20,4,,,
,,,,Ethelene Whitmire,WAITLISTED,,,20,2,,,
,,,,Ethelene Whitmire,WAITLISTED,,,20,5,,,
,,,,Alice Gaber,OPEN,,,80,79,,,
,,,,Alice Gaber,OPEN,,,80,79,,,
,,,,Jeff Nyhoff,OPEN,,,177,136,,,
,,,,Karen Mcshane-Hellenbrand,OPEN,,,20,16,,,
,,,,Gwen Eudey,CLOSED,,,24,24,,,
,,,,Gwen Eudey,CLOSED,,,24,24,,,
,,,,Gwen Eudey,CLOSED,,,24,24,,,
,,,,Gwen Eudey,CLOSED,,,24,24,,,
,,,,Gwen Eudey,CLOSED,,,24,24,,,
,,,,Gwen Eudey,CLOSED,,,24,24,,,
,,,,Gwen Eudey,CLOSED,,,24,24,,,
,,,,Gwen Eudey,OPEN,,,24,23,,,
,,,,Carter Braxton,CLOSED,,,24,24,,,
,,,,Carter Braxton,CLOSED,,,24,24,,,
,,,,Carter Braxton,CLOSED,,,24,24,,,
,,,,Carter Braxton,CLOSED,,,24,24,,,
,,,,Carter Braxton,CLOSED,,,24,24,,,
,,,,Carter Braxton,CLOSED,,,24,24,,,
,,,,Carter Braxton,CLOSED,,,24,24,,,
,,,,Carter Braxton,CLOSED,,,24,24,,,
,,,,Carter Braxton,CLOSED,,,24,24,,,
,,,,Carter Braxton,CLOSED,,,24,24,,,
,,,,Carter Braxton,OPEN,,,24,23,,,
,,,,Carter Braxton,CLOSED,,,24,24,,,
,,,,Carter Braxton,CLOSED,,,24,24,,,
,,,,Carter Braxton,CLOSED,,,24,24,,,
,,,,Carter Braxton,CLOSED,,,24,24,,,
,,,,Gwen Eudey,OPEN,,,24,22,,,
,,,,Gwen Eudey,OPEN,,,24,23,,,
,,,,Gwen Eudey,CLOSED,,,24,24,,,
,,,,Gwen Eudey,OPEN,,,24,23,,,
,,,,Gwen Eudey,OPEN,,,24,22,,,
,,,,Gwen Eudey,OPEN,,,24,21,,,
,,,,Gwen Eudey,CLOSED,,,24,24,,,
,,,,Gwen Eudey,OPEN,,,24,23,,,
,,,,"Shaun Marcott,Natasha Morgan-Witts,Yasmeen Orellana Salazar,Marianne Haseloff",OPEN,,,190,50,,,
,,,,Ethelene Whitmire,OPEN,,,20,10,,,
,,,,Ethelene Whitmire,OPEN,,,20,6,,,
,,,,Ethelene Whitmire,WAITLISTED,,,20,5,,,
,,,,Ethelene Whitmire,OPEN,,,20,8,,,
,,,,Ethelene Whitmire,OPEN,,,20,7,,,
,,,,Ethelene Whitmire,WAITLISTED,,,20,5,,,
,,,,Ethelene Whitmire,WAITLISTED,,,20,11,,,
,,,,Ethelene Whitmire,WAITLISTED,,,20,7,,,
,,,,Kelly Demers,OPEN,,,26,12,,,
,,,,Leah Sandner,OPEN,,,26,25,,,
,,,,Athar Ngazou,OPEN,,,26,19,,,
,,,,Logan Onken,OPEN,,,26,24,,,
,,,,J.T. Mahany,OPEN,,,26,10,,,
,,,,"Shaun Marcott,Natasha Morgan-Witts,Yasmeen Orellana Salazar,Marianne Haseloff",OPEN,,,190,60,,,
,,,,"Jeanne Schueller,Finn Shepherd",OPEN,,,22,10,,,
,,,,"Jeanne Schueller,Chris Etheredge",OPEN,,,22,8,,,
,,,,"Jeanne Schueller,Anastasiia Stolyarova",OPEN,,,22,12,,,
,,,,"Jeanne Schueller,Zehra Yesilöz",OPEN,,,22,15,,,
,,,,Judith Sone,OPEN,,,30,13,,,
,,,,Simon Balto,CLOSED,,,72,66,,,
,,,,Simon Balto,OPEN,,,18,16,,,
,,,,Simon Balto,OPEN,,,18,16,,,
,,,,Simon Balto,OPEN,,,18,15,,,
,,,,Simon Balto,WAITLISTED,,,18,18,,,
,,,,Patrizia De Luca,OPEN,,,26,20,,,
,,,,Dario Becattini,WAITLISTED,,,26,26,,,
,,,,Giovanni D'andrea,WAITLISTED,,,26,26,,,
,,,,Jeff Nyhoff,OPEN,,,200,63,,,
,,,,Michelle Rondon,OPEN,,,40,38,,,
,,,,Michelle Rondon,OPEN,,,40,39,,,
,,,,Michelle Rondon,OPEN,,,40,39,,,
,,,,Michelle Rondon,OPEN,,,40,39,,,
,,,,Hanna Walton,OPEN,,,20,2,,,
,,,,"Hanna Walton,Steven Olds",OPEN,,,20,5,,,
,,,,"Benjamin Pankow,Hanna Walton",OPEN,,,20,12,,,
,,,,Matt Endres,CLOSED,,,3,3,,,
,,,,Matt Endres,OPEN,,,22,21,,,
,,,,Matt Endres,CLOSED,,,22,22,,,
,,,,Matt Endres,CLOSED,,,22,23,,,
,,,,Matt Endres,CLOSED,,,22,22,,,
,,,,Matt Endres,CLOSED,,,22,22,,,
,,,,Matt Endres,OPEN,,,22,18,,,
,,,,Matt Endres,OPEN,,,22,21,,,
,,,,Matt Endres,CLOSED,,,22,22,,,
,,,,Matt Endres,CLOSED,,,22,22,,,
,,,,Matt Endres,CLOSED,,,22,22,,,
,,,,Matt Endres,CLOSED,,,22,22,,,
,,,,Matt Endres,CLOSED,,,22,22,,,
,,,,Matt Endres,CLOSED,,,22,22,,,
,,,,Matt Endres,CLOSED,,,22,22,,,
,,,,Matt Endres,CLOSED,,,22,22,,,
,,,,"Alexandra Flint,Matthew Driver",OPEN,,,12,8,,,
,,,,"Alexandra Flint,Carmen Lemos Gonzalez",OPEN,,,12,4,,,
,,,,"Alexandra Flint,Sung-Eun Ryu",OPEN,,,12,9,,,
,,,,"Alexandra Flint,Sung-Eun Ryu",OPEN,,,12,11,,,
,,,,Karoline Faria Do Valle,OPEN,,,24,8,,,
,,,,Ida Johnson,OPEN,,,20,12,,,
,,,,"Ida Johnson,Berit Skogen",OPEN,,,20,5,,,
,,,,"Anna Tumarkin,Sergei Miroshkin",OPEN,,,18,10,,,
,,,,"Anna Tumarkin,Isabella Prenger",OPEN,,,18,13,,,
,,,,"Anna Tumarkin,Jesse Kruschke",OPEN,,,18,7,,,
,,,,Ireide Calero,OPEN,,,27,25,,,
,,,,Emily Koshollek,OPEN,,,27,26,,,
,,,,Oscar Almonte Garcia,WAITLISTED,,,27,27,,,
,,,,Keira Hook,OPEN,,,27,26,,,
,,,,Anthony Ippolito,OPEN,,,27,21,,,
,,,,Lucy Jumbeck,OPEN,,,27,20,,,
,,,,"Gale Oakes,Jinhui Wang",WAITLISTED,,,24,10,,,
,,,,"Gale Oakes,Jinhui Wang",WAITLISTED,,,24,9,,,
,,,,"Gale Oakes,Katie Bollini",OPEN,,,24,7,,,
,,,,"Gale Oakes,Jinhui Wang",WAITLISTED,,,24,3,,,
,,,,"Gale Oakes,Emily Kerns",WAITLISTED,,,24,12,,,
,,,,"Gale Oakes,Emily Adler",OPEN,,,24,5,,,
,,,,"Gale Oakes,Emily Kerns",WAITLISTED,,,24,10,,,
,,,,"Gale Oakes,Emily Adler",WAITLISTED,,,24,9,,,
,,,,"Gale Oakes,Emily Adler",OPEN,,,24,8,,,
,,,,"Gale Oakes,Katie Bollini",OPEN,,,24,8,,,
,,,,"Gale Oakes,Katie Bollini",OPEN,,,24,7,,,
,,,,Preeti Chopra,OPEN,,,30,8,,,
,,,,Preeti Chopra,OPEN,,,20,5,,,
,,,,Preeti Chopra,OPEN,,,20,7,,,
,,,,Preeti Chopra,OPEN,,,20,4,,,
,,,,Preeti Chopra,OPEN,,,30,8,,,
,,,,Preeti Chopra,OPEN,,,20,5,,,
,,,,Preeti Chopra,OPEN,,,20,7,,,
,,,,Preeti Chopra,OPEN,,,20,4,,,
,,,,Christy Tremonti,CLOSED,,,160,140,,,
,,,,Christy Tremonti,OPEN,,,30,23,,,
,,,,Christy Tremonti,OPEN,,,30,24,,,
,,,,Christy Tremonti,OPEN,,,30,17,,,
,,,,Christy Tremonti,OPEN,,,30,25,,,
,,,,Christy Tremonti,OPEN,,,30,10,,,
,,,,Christy Tremonti,OPEN,,,30,27,,,
,,,,Nicholas Mcconnell,CLOSED,,,160,120,,,
,,,,Nicholas Mcconnell,OPEN,,,30,25,,,
,,,,Nicholas Mcconnell,OPEN,,,30,25,,,
,,,,Nicholas Mcconnell,OPEN,,,30,22,,,
,,,,Nicholas Mcconnell,OPEN,,,30,11,,,
,,,,Nicholas Mcconnell,OPEN,,,30,16,,,
,,,,Nicholas Mcconnell,OPEN,,,30,16,,,
,,,,Kimberly Deglopper,OPEN,,,22,21,,,
,,,,Kimberly Deglopper,WAITLISTED,,,22,22,,,
,,,,Kimberly Deglopper,OPEN,,,22,21,,,
,,,,Kimberly Deglopper,WAITLISTED,,,22,22,,,
,,,,Kimberly Deglopper,WAITLISTED,,,22,22,,,
,,,,Kimberly Deglopper,WAITLISTED,,,22,22,,,
,,,,Kimberly Deglopper,WAITLISTED,,,22,22,,,
,,,,Kimberly Deglopper,WAITLISTED,,,22,22,,,
,,,,Kimberly Deglopper,WAITLISTED,,,22,22,,,
,,,,Kimberly Deglopper,WAITLISTED,,,21,21,,,
,,,,Jia Zhou,WAITLISTED,,,22,22,,,
,,,,Jia Zhou,WAITLISTED,,,22,22,,,
,,,,Jia Zhou,WAITLISTED,,,22,22,,,
,,,,Jia Zhou,OPEN,,,22,21,,,
,,,,Jia Zhou,OPEN,,,22,21,,,
,,,,Jia Zhou,WAITLISTED,,,22,22,,,
,,,,Jia Zhou,WAITLISTED,,,20,20,,,
,,,,Jia Zhou,WAITLISTED,,,22,22,,,
,,,,Jia Zhou,WAITLISTED,,,22,22,,,
,,,,Jia Zhou,WAITLISTED,,,20,20,,,
,,,,Jia Zhou,OPEN,,,22,21,,,
,,,,Jia Zhou,WAITLISTED,,,22,22,,,
,,,,Liana Lamont,WAITLISTED,,,22,22,,,
,,,,Liana Lamont,WAITLISTED,,,22,22,,,
,,,,Liana Lamont,OPEN,,,22,13,,,
,,,,Liana Lamont,WAITLISTED,,,22,22,,,
,,,,Liana Lamont,WAITLISTED,,,22,22,,,
,,,,Liana Lamont,WAITLISTED,,,22,22,,,
,,,,Liana Lamont,WAITLISTED,,,22,22,,,
,,,,Liana Lamont,WAITLISTED,,,22,22,,,
,,,,Liana Lamont,OPEN,,,22,20,,,
,,,,Liana Lamont,WAITLISTED,,,22,22,,,
,,,,Liana Lamont,WAITLISTED,,,22,22,,,
,,,,Liana Lamont,WAITLISTED,,,22,22,,,
,,,,Liana Lamont,OPEN,,,22,19,,,
,,,,Liana Lamont,WAITLISTED,,,22,22,,,
,,,,Liana Lamont,WAITLISTED,,,22,22,,,
,,,,Cabell Gathman,WAITLISTED,,,20,21,,,
,,,,,OPEN,,,20,13,,,
,,,,,WAITLISTED,,,20,20,,,
,,,,,WAITLISTED,,,20,20,,,
,,,,,WAITLISTED,,,20,20,,,
,,,,,WAITLISTED,,,20,20,,,
,,,,,WAITLISTED,,,20,20,,,
,,,,,WAITLISTED,,,20,20,,,
,,,,,OPEN,,,20,13,,,
,,,,,WAITLISTED,,,20,20,,,
,,,,,WAITLISTED,,,20,20,,,
,,,,,WAITLISTED,,,20,20,,,
,,,,,WAITLISTED,,,20,20,,,
,,,,,WAITLISTED,,,20,20,,,
,,,,,WAITLISTED,,,20,20,,,
,,,,,OPEN,,,20,19,,,
,,,,,OPEN,,,20,17,,,
,,,,,WAITLISTED,,,20,20,,,
,,,,,OPEN,,,20,18,,,
,,,,,WAITLISTED,,,20,20,,,
,,,,,WAITLISTED,,,20,20,,,
,,,,,WAITLISTED,,,20,20,,,
,,,,,WAITLISTED,,,20,20,,,
,,,,,WAITLISTED,,,20,20,,,
,,,,,WAITLISTED,,,20,20,,,
,,,,Jan Miernowski,OPEN,,,32,22,,,
,,,,Jan Miernowski,OPEN,,,32,29,,,
,,,,Jan Miernowski,OPEN,,,32,22,,,
,,,,Jan Miernowski,OPEN,,,32,29,,,
,,,,"Benjamin Spike,Kael Hanson",CLOSED,,,280,197,,,
,,,,"Benjamin Spike,Kael Hanson",WAITLISTED,,,24,24,,,
,,,,"Benjamin Spike,Kael Hanson",OPEN,,,24,21,,,
,,,,"Benjamin Spike,Kael Hanson",OPEN,,,24,23,,,
,,,,"Benjamin Spike,Kael Hanson",WAITLISTED,,,23,24,,,
,,,,"Benjamin Spike,Kael Hanson",OPEN,,,24,23,,,
,,,,"Benjamin Spike,Kael Hanson",WAITLISTED,,,24,24,,,
,,,,"Benjamin Spike,Kael Hanson",WAITLISTED,,,24,24,,,
,,,,"Benjamin Spike,Kael Hanson",WAITLISTED,,,24,25,,,
,,,,"Benjamin Spike,Kael Hanson",WAITLISTED,,,24,24,,,
,,,,"Benjamin Spike,Kael Hanson",OPEN,,,23,22,,,
,,,,"Benjamin Spike,Kael Hanson",WAITLISTED,,,24,24,,,
,,,,"Benjamin Spike,Kael Hanson",WAITLISTED,,,24,24,,,
,,,,"Benjamin Spike,Kael Hanson",OPEN,,,24,23,,,
,,,,"Benjamin Spike,Kael Hanson",WAITLISTED,,,24,24,,,
,,,,"Benjamin Spike,Kael Hanson",OPEN,,,24,22,,,
,,,,"Benjamin Spike,Kael Hanson",WAITLISTED,,,24,24,,,
,,,,"Benjamin Spike,Kael Hanson",WAITLISTED,,,24,24,,,
,,,,"Benjamin Spike,Kael Hanson",WAITLISTED,,,24,24,,,
,,,,"Benjamin Spike,Kael Hanson",WAITLISTED,,,24,24,,,
,,,,"Benjamin Spike,Kael Hanson",OPEN,,,24,23,,,
,,,,"Benjamin Spike,Kael Hanson",CLOSED,,,280,275,,,
,,,,"Benjamin Spike,Kael Hanson",WAITLISTED,,,24,24,,,
,,,,"Benjamin Spike,Kael Hanson",OPEN,,,24,21,,,
,,,,"Benjamin Spike,Kael Hanson",OPEN,,,24,23,,,
,,,,"Benjamin Spike,Kael Hanson",WAITLISTED,,,23,24,,,
,,,,"Benjamin Spike,Kael Hanson",OPEN,,,24,23,,,
,,,,"Benjamin Spike,Kael Hanson",WAITLISTED,,,24,24,,,
,,,,"Benjamin Spike,Kael Hanson",WAITLISTED,,,24,24,,,
,,,,"Benjamin Spike,Kael Hanson",WAITLISTED,,,24,25,,,
,,,,"Benjamin Spike,Kael Hanson",WAITLISTED,,,24,24,,,
,,,,"Benjamin Spike,Kael Hanson",OPEN,,,23,22,,,
,,,,"Benjamin Spike,Kael Hanson",WAITLISTED,,,24,24,,,
,,,,"Benjamin Spike,Kael Hanson",WAITLISTED,,,24,24,,,
,,,,"Benjamin Spike,Kael Hanson",OPEN,,,24,23,,,
,,,,"Benjamin Spike,Kael Hanson",WAITLISTED,,,24,24,,,
,,,,"Benjamin Spike,Kael Hanson",OPEN,,,24,22,,,
,,,,"Benjamin Spike,Kael Hanson",WAITLISTED,,,24,24,,,
,,,,"Benjamin Spike,Kael Hanson",WAITLISTED,,,24,24,,,
,,,,"Benjamin Spike,Kael Hanson",WAITLISTED,,,24,24,,,
,,,,"Benjamin Spike,Kael Hanson",WAITLISTED,,,24,24,,,
,,,,"Benjamin Spike,Kael Hanson",OPEN,,,24,23,,,
,,,,Mai See Thao,OPEN,,,22,20,,,
,,,,Mai See Thao,OPEN,,,22,14,,,
,,,,Mai See Thao,CLOSED,,,22,22,,,
,,,,Mai See Thao,CLOSED,,,22,22,,,
,,,,Mai See Thao,CLOSED,,,22,22,,,
,,,,Mai See Thao,CLOSED,,,22,22,,,
,,,,Mai See Thao,CLOSED,,,22,22,,,
,,,,Mai See Thao,OPEN,,,22,21,,,
,,,,Mai See Thao,CLOSED,,,22,22,,,
,,,,Mai See Thao,CLOSED,,,22,22,,,
,,,,Mai See Thao,CLOSED,,,22,22,,,
,,,,Mai See Thao,CLOSED,,,22,22,,,
,,,,Mai See Thao,CLOSED,,,22,22,,,
,,,,Mai See Thao,OPEN,,,22,14,,,
,,,,Mai See Thao,OPEN,,,22,21,,,
,,,,Mai See Thao,CLOSED,,,22,22,,,
,,,,Mai See Thao,OPEN,,,22,20,,,
,,,,Mai See Thao,CLOSED,,,22,22,,,
,,,,Mai See Thao,CLOSED,,,22,22,,,
,,,,Mai See Thao,OPEN,,,22,13,,,
,,,,Mai See Thao,CLOSED,,,22,22,,,
,,,,Mai See Thao,CLOSED,,,22,22,,,
,,,,Mai See Thao,CLOSED,,,22,22,,,
,,,,Mai See Thao,CLOSED,,,22,22,,,
,,,,Mai See Thao,OPEN,,,22,20,,,
,,,,Mai See Thao,CLOSED,,,22,22,,,
,,,,Mai See Thao,CLOSED,,,22,22,,,
,,,,Mai See Thao,CLOSED,,,22,22,,,
,,,,Mai See Thao,CLOSED,,,22,22,,,
,,,,Mai See Thao,CLOSED,,,22,22,,,
,,,,Mai See Thao,OPEN,,,22,21,,,
,,,,Mai See Thao,OPEN,,,22,21,,,
,,,,Mai See Thao,OPEN,,,22,20,,,
,,,,Mai See Thao,OPEN,,,22,21,,,
,,,,Mai See Thao,CLOSED,,,22,22,,,
,,,,Mai See Thao,CLOSED,,,22,22,,,
,,,,Mai See Thao,OPEN,,,22,21,,,
,,,,Mai See Thao,OPEN,,,22,15,,,
,,,,Mai See Thao,CLOSED,,,22,22,,,
,,,,Mai See Thao,OPEN,,,22,21,,,
,,,,Mai See Thao,CLOSED,,,22,22,,,
,,,,Mai See Thao,OPEN,,,22,21,,,
,,,,Mai See Thao,OPEN,,,22,14,,,
,,,,Mai See Thao,OPEN,,,22,20,,,
,,,,Mai See Thao,OPEN,,,22,14,,,
,,,,Mai See Thao,CLOSED,,,22,22,,,
,,,,Mai See Thao,CLOSED,,,22,22,,,
,,,,Mai See Thao,CLOSED,,,22,22,,,
,,,,Mai See Thao,CLOSED,,,22,22,,,
,,,,Mai See Thao,CLOSED,,,22,22,,,
,,,,Mai See Thao,OPEN,,,22,21,,,
,,,,Mai See Thao,CLOSED,,,22,22,,,
,,,,Mai See Thao,CLOSED,,,22,22,,,
,,,,Mai See Thao,CLOSED,,,22,22,,,
,,,,Mai See Thao,CLOSED,,,22,22,,,
,,,,Mai See Thao,CLOSED,,,22,22,,,
,,,,Mai See Thao,OPEN,,,22,14,,,
,,,,Mai See Thao,OPEN,,,22,21,,,
,,,,Mai See Thao,CLOSED,,,22,22,,,
,,,,Mai See Thao,OPEN,,,22,20,,,
,,,,Mai See Thao,CLOSED,,,22,22,,,
,,,,Mai See Thao,CLOSED,,,22,22,,,
,,,,Mai See Thao,OPEN,,,22,13,,,
,,,,Mai See Thao,CLOSED,,,22,22,,,
,,,,Mai See Thao,CLOSED,,,22,22,,,
,,,,Mai See Thao,CLOSED,,,22,22,,,
,,,,Mai See Thao,CLOSED,,,22,22,,,
,,,,Mai See Thao,OPEN,,,22,20,,,
,,,,Mai See Thao,CLOSED,,,22,22,,,
,,,,Mai See Thao,CLOSED,,,22,22,,,
,,,,Mai See Thao,CLOSED,,,22,22,,,
,,,,Mai See Thao,CLOSED,,,22,22,,,
,,,,Mai See Thao,CLOSED,,,22,22,,,
,,,,Mai See Thao,OPEN,,,22,21,,,
,,,,Mai See Thao,OPEN,,,22,21,,,
,,,,Mai See Thao,OPEN,,,22,20,,,
,,,,Mai See Thao,OPEN,,,22,21,,,
,,,,Mai See Thao,CLOSED,,,22,22,,,
,,,,Mai See Thao,CLOSED,,,22,22,,,
,,,,Mai See Thao,OPEN,,,22,21,,,
,,,,Mai See Thao,OPEN,,,22,15,,,
,,,,Mai See Thao,CLOSED,,,22,22,,,
,,,,Mai See Thao,OPEN,,,22,21,,,
,,,,Mai See Thao,CLOSED,,,22,22,,,
,,,,Mai See Thao,OPEN,,,22,21,,,
,,,,Mai See Thao,OPEN,,,22,14,,,
,,,,Christine Orr,CLOSED,,,0,10,,,
,,,,Michael Velliquette,WAITLISTED,,,18,18,,,
,,,,Henry Burk,OPEN,,,18,17,,,
,,,,Henry Burk,WAITLISTED,,,18,18,,,
,,,,Christian Ulloa,WAITLISTED,,,18,18,,,
,,,,Christian Ulloa,OPEN,,,18,14,,,
,,,,"Benjamin Ostrow,Takako Nakakubo,Ken Hayashi",WAITLISTED,,,15,15,,,
,,,,"Takako Nakakubo,Ken Hayashi",WAITLISTED,,,15,16,,,
,,,,"Takako Nakakubo,Utano Imada",WAITLISTED,,,15,14,,,
,,,,"Benjamin Ostrow,Takako Nakakubo,Utano Imada",WAITLISTED,,,15,15,,,
,,,,"Benjamin Ostrow,Takako Nakakubo,Tomomi Teramoto",OPEN,,,15,13,,,
,,,,"Takako Nakakubo,Tomomi Teramoto",OPEN,,,15,12,,,
,,,,Nicholas Mcconnell,CLOSED,,,180,160,,,
,,,,Nicholas Mcconnell,OPEN,,,30,26,,,
,,,,Nicholas Mcconnell,OPEN,,,30,18,,,
,,,,Nicholas Mcconnell,OPEN,,,30,29,,,
,,,,Nicholas Mcconnell,OPEN,,,30,29,,,
,,,,Nicholas Mcconnell,OPEN,,,30,27,,,
,,,,Nicholas Mcconnell,OPEN,,,30,25,,,
,,,,"Richard Amasino,Mario Pennella",WAITLISTED,,,700,701,,,
,,,,Linda Zelewski,OPEN,,,22,21,,,
,,,,Linda Zelewski,OPEN,,,22,13,,,
,,,,Linda Zelewski,OPEN,,,22,15,,,
,,,,Linda Zelewski,OPEN,,,22,15,,,
,,,,Linda Zelewski,OPEN,,,22,21,,,
,,,,Linda Zelewski,OPEN,,,22,20,,,
,,,,Linda Zelewski,OPEN,,,22,20,,,
,,,,Linda Zelewski,OPEN,,,22,20,,,
,,,,Linda Zelewski,WAITLISTED,,,22,22,,,
,,,,Linda Zelewski,OPEN,,,22,21,,,
,,,,Linda Zelewski,OPEN,,,22,18,,,
,,,,Linda Zelewski,WAITLISTED,,,22,22,,,
,,,,Linda Zelewski,OPEN,,,22,21,,,
,,,,Linda Zelewski,OPEN,,,22,21,,,
,,,,Linda Zelewski,OPEN,,,22,20,,,
,,,,Linda Zelewski,OPEN,,,22,21,,,
,,,,Linda Zelewski,OPEN,,,22,21,,,
,,,,Linda Zelewski,OPEN,,,22,18,,,
,,,,Linda Zelewski,OPEN,,,22,19,,,
,,,,Linda Zelewski,OPEN,,,22,20,,,
,,,,Linda Zelewski,OPEN,,,22,12,,,
,,,,Linda Zelewski,OPEN,,,22,21,,,
,,,,Linda Zelewski,WAITLISTED,,,22,22,,,
,,,,Linda Zelewski,OPEN,,,22,19,,,
,,,,Linda Zelewski,OPEN,,,22,20,,,
,,,,Linda Zelewski,WAITLISTED,,,22,22,,,
,,,,Linda Zelewski,WAITLISTED,,,22,22,,,
,,,,Paul Hooker,WAITLISTED,,,22,22,,,
,,,,Paul Hooker,OPEN,,,22,20,,,
,,,,Paul Hooker,WAITLISTED,,,22,22,,,
,,,,Paul Hooker,OPEN,,,22,20,,,
,,,,Paul Hooker,OPEN,,,22,21,,,
,,,,Paul Hooker,WAITLISTED,,,22,22,,,
,,,,Paul Hooker,WAITLISTED,,,22,22,,,
,,,,Paul Hooker,WAITLISTED,,,22,22,,,
,,,,Paul Hooker,WAITLISTED,,,22,22,,,
,,,,Paul Hooker,WAITLISTED,,,22,22,,,
,,,,Paul Hooker,OPEN,,,22,21,,,
,,,,Paul Hooker,WAITLISTED,,,22,22,,,
,,,,Paul Hooker,OPEN,,,22,21,,,
,,,,Paul Hooker,WAITLISTED,,,22,22,,,
,,,,Paul Hooker,WAITLISTED,,,22,22,,,
,,,,Paul Hooker,OPEN,,,22,21,,,
,,,,Paul Hooker,WAITLISTED,,,22,22,,,
,,,,Paul Hooker,WAITLISTED,,,22,22,,,
,,,,Paul Hooker,WAITLISTED,,,22,22,,,
,,,,Paul Hooker,WAITLISTED,,,22,22,,,
,,,,Paul Hooker,WAITLISTED,,,22,22,,,
,,,,Paul Hooker,WAITLISTED,,,22,22,,,
,,,,Paul Hooker,WAITLISTED,,,22,22,,,
,,,,Paul Hooker,WAITLISTED,,,22,22,,,
,,,,Paul Hooker,WAITLISTED,,,22,22,,,
,,,,Paul Hooker,OPEN,,,22,21,,,
,,,,Paul Hooker,WAITLISTED,,,22,22,,,
,,,,Paul Hooker,WAITLISTED,,,22,22,,,
,,,,Paul Hooker,OPEN,,,22,21,,,
,,,,Paul Hooker,WAITLISTED,,,22,22,,,
,,,,Paul Hooker,WAITLISTED,,,22,22,,,
,,,,Paul Hooker,WAITLISTED,,,22,22,,,
,,,,Jeremy Weaver,WAITLISTED,,,22,22,,,
,,,,Jeremy Weaver,OPEN,,,22,21,,,
,,,,Jeremy Weaver,OPEN,,,22,21,,,
,,,,Jeremy Weaver,WAITLISTED,,,22,22,,,
,,,,Jeremy Weaver,OPEN,,,22,20,,,
,,,,Jeremy Weaver,WAITLISTED,,,22,22,,,
,,,,Jeremy Weaver,WAITLISTED,,,22,22,,,
,,,,Jeremy Weaver,WAITLISTED,,,22,22,,,
,,,,Jeremy Weaver,WAITLISTED,,,22,22,,,
,,,,Jeremy Weaver,WAITLISTED,,,22,22,,,
,,,,Jeremy Weaver,OPEN,,,22,21,,,
,,,,Jeremy Weaver,OPEN,,,22,21,,,
,,,,Jeremy Weaver,WAITLISTED,,,22,22,,,
,,,,Jeremy Weaver,WAITLISTED,,,21,21,,,
,,,,Jeremy Weaver,WAITLISTED,,,22,22,,,
,,,,Thomas Dubois,OPEN,,,12,6,,,
,,,,Thomas Dubois,OPEN,,,12,3,,,
,,,,Thomas Dubois,OPEN,,,12,5,,,
,,,,Thomas Dubois,WAITLISTED,,,12,7,,,
,,,,Thomas Dubois,OPEN,,,12,1,,,
,,,,Thomas Dubois,WAITLISTED,,,12,19,,,
,,,,Alice Gaber,OPEN,,,20,4,,,
,,,,Julia Perroni,OPEN,,,26,17,,,
,,,,"Alexandra Flint,Minha Jeon",OPEN,,,11,10,,,
,,,,"Alexandra Flint,Matthew Driver",CLOSED,,,12,12,,,
,,,,"Daniel Thurs,Ke Fang,Alessandro Cunsolo",OPEN,,,24,21,,,
,,,,"Daniel Thurs,Ke Fang,Alessandro Cunsolo",OPEN,,,24,23,,,
,,,,"Daniel Thurs,Ke Fang,Alessandro Cunsolo",OPEN,,,24,18,,,
,,,,"Daniel Thurs,Ke Fang,Alessandro Cunsolo",OPEN,,,24,20,,,
,,,,"Daniel Thurs,Ke Fang,Alessandro Cunsolo",OPEN,,,24,19,,,
,,,,"Daniel Thurs,Ke Fang,Alessandro Cunsolo",WAITLISTED,,,24,24,,,
,,,,"Daniel Thurs,Ke Fang,Alessandro Cunsolo",OPEN,,,23,16,,,
,,,,"Daniel Thurs,Ke Fang,Alessandro Cunsolo",OPEN,,,24,21,,,
,,,,"Daniel Thurs,Ke Fang,Alessandro Cunsolo",WAITLISTED,,,24,24,,,
,,,,"Daniel Thurs,Ke Fang,Alessandro Cunsolo",OPEN,,,24,23,,,
,,,,"Daniel Thurs,Ke Fang,Alessandro Cunsolo",WAITLISTED,,,24,25,,,
,,,,"Daniel Thurs,Ke Fang,Alessandro Cunsolo",OPEN,,,24,22,,,
,,,,"Daniel Thurs,Ke Fang,Alessandro Cunsolo",OPEN,,,24,23,,,
,,,,"Daniel Thurs,Ke Fang,Alessandro Cunsolo",OPEN,,,24,21,,,
,,,,"Daniel Thurs,Ke Fang,Alessandro Cunsolo",WAITLISTED,,,24,24,,,
,,,,"Daniel Thurs,Ke Fang,Alessandro Cunsolo",OPEN,,,24,19,,,
,,,,"Daniel Thurs,Ke Fang,Alessandro Cunsolo",WAITLISTED,,,24,25,,,
,,,,"Daniel Thurs,Ke Fang,Alessandro Cunsolo",OPEN,,,24,18,,,
,,,,"Daniel Thurs,Ke Fang,Alessandro Cunsolo",OPEN,,,24,18,,,
,,,,"Daniel Thurs,Ke Fang,Alessandro Cunsolo",WAITLISTED,,,24,24,,,
,,,,"Daniel Thurs,Ke Fang,Alessandro Cunsolo",OPEN,,,24,22,,,
,,,,"Daniel Thurs,Ke Fang,Alessandro Cunsolo",OPEN,,,24,19,,,
,,,,"Daniel Thurs,Ke Fang,Alessandro Cunsolo",WAITLISTED,,,24,24,,,
,,,,"Daniel Thurs,Ke Fang,Alessandro Cunsolo",WAITLISTED,,,24,24,,,
,,,,"Daniel Thurs,Ke Fang,Alessandro Cunsolo",OPEN,,,24,15,,,
,,,,"Daniel Thurs,Ke Fang,Alessandro Cunsolo",WAITLISTED,,,24,24,,,
,,,,"Daniel Thurs,Ke Fang,Alessandro Cunsolo",OPEN,,,24,22,,,
,,,,"Daniel Thurs,Ke Fang,Alessandro Cunsolo",OPEN,,,24,21,,,
,,,,"Daniel Thurs,Ke Fang,Alessandro Cunsolo",OPEN,,,24,23,,,
,,,,"Daniel Thurs,Ke Fang,Alessandro Cunsolo",OPEN,,,24,18,,,
,,,,"Daniel Thurs,Ke Fang,Alessandro Cunsolo",OPEN,,,24,20,,,
,,,,"Daniel Thurs,Ke Fang,Alessandro Cunsolo",OPEN,,,24,19,,,
,,,,"Daniel Thurs,Ke Fang,Alessandro Cunsolo",WAITLISTED,,,24,24,,,
,,,,"Daniel Thurs,Ke Fang,Alessandro Cunsolo",OPEN,,,23,16,,,
,,,,"Daniel Thurs,Ke Fang,Alessandro Cunsolo",OPEN,,,24,21,,,
,,,,"Daniel Thurs,Ke Fang,Alessandro Cunsolo",WAITLISTED,,,24,24,,,
,,,,"Daniel Thurs,Ke Fang,Alessandro Cunsolo",OPEN,,,24,23,,,
,,,,"Daniel Thurs,Ke Fang,Alessandro Cunsolo",WAITLISTED,,,24,25,,,
,,,,"Daniel Thurs,Ke Fang,Alessandro Cunsolo",OPEN,,,24,22,,,
,,,,"Daniel Thurs,Ke Fang,Alessandro Cunsolo",OPEN,,,24,23,,,
,,,,"Daniel Thurs,Ke Fang,Alessandro Cunsolo",OPEN,,,24,21,,,
,,,,"Daniel Thurs,Ke Fang,Alessandro Cunsolo",WAITLISTED,,,24,24,,,
,,,,"Daniel Thurs,Ke Fang,Alessandro Cunsolo",OPEN,,,24,19,,,
,,,,"Daniel Thurs,Ke Fang,Alessandro Cunsolo",WAITLISTED,,,24,25,,,
,,,,"Daniel Thurs,Ke Fang,Alessandro Cunsolo",OPEN,,,24,18,,,
,,,,"Daniel Thurs,Ke Fang,Alessandro Cunsolo",OPEN,,,24,18,,,
,,,,"Daniel Thurs,Ke Fang,Alessandro Cunsolo",WAITLISTED,,,24,24,,,
,,,,"Daniel Thurs,Ke Fang,Alessandro Cunsolo",OPEN,,,24,22,,,
,,,,"Daniel Thurs,Ke Fang,Alessandro Cunsolo",OPEN,,,24,19,,,
,,,,"Daniel Thurs,Ke Fang,Alessandro Cunsolo",WAITLISTED,,,24,24,,,
,,,,"Daniel Thurs,Ke Fang,Alessandro Cunsolo",WAITLISTED,,,24,24,,,
,,,,"Daniel Thurs,Ke Fang,Alessandro Cunsolo",OPEN,,,24,15,,,
,,,,"Daniel Thurs,Ke Fang,Alessandro Cunsolo",WAITLISTED,,,24,24,,,
,,,,"Daniel Thurs,Ke Fang,Alessandro Cunsolo",OPEN,,,24,22,,,
,,,,"Daniel Thurs,Ke Fang,Alessandro Cunsolo",OPEN,,,24,21,,,
,,,,"Daniel Thurs,Ke Fang,Alessandro Cunsolo",OPEN,,,24,23,,,
,,,,"Daniel Thurs,Ke Fang,Alessandro Cunsolo",OPEN,,,24,18,,,
,,,,"Daniel Thurs,Ke Fang,Alessandro Cunsolo",OPEN,,,24,20,,,
,,,,"Daniel Thurs,Ke Fang,Alessandro Cunsolo",OPEN,,,24,19,,,
,,,,"Daniel Thurs,Ke Fang,Alessandro Cunsolo",WAITLISTED,,,24,24,,,
,,,,"Daniel Thurs,Ke Fang,Alessandro Cunsolo",OPEN,,,23,16,,,
,,,,"Daniel Thurs,Ke Fang,Alessandro Cunsolo",OPEN,,,24,21,,,
,,,,"Daniel Thurs,Ke Fang,Alessandro Cunsolo",WAITLISTED,,,24,24,,,
,,,,"Daniel Thurs,Ke Fang,Alessandro Cunsolo",OPEN,,,24,23,,,
,,,,"Daniel Thurs,Ke Fang,Alessandro Cunsolo",WAITLISTED,,,24,25,,,
,,,,"Daniel Thurs,Ke Fang,Alessandro Cunsolo",OPEN,,,24,22,,,
,,,,"Daniel Thurs,Ke Fang,Alessandro Cunsolo",OPEN,,,24,23,,,
,,,,"Daniel Thurs,Ke Fang,Alessandro Cunsolo",OPEN,,,24,21,,,
,,,,"Daniel Thurs,Ke Fang,Alessandro Cunsolo",WAITLISTED,,,24,24,,,
,,,,"Daniel Thurs,Ke Fang,Alessandro Cunsolo",OPEN,,,24,19,,,
,,,,"Daniel Thurs,Ke Fang,Alessandro Cunsolo",WAITLISTED,,,24,25,,,
,,,,"Daniel Thurs,Ke Fang,Alessandro Cunsolo",OPEN,,,24,18,,,
,,,,"Daniel Thurs,Ke Fang,Alessandro Cunsolo",OPEN,,,24,18,,,
,,,,"Daniel Thurs,Ke Fang,Alessandro Cunsolo",WAITLISTED,,,24,24,,,
,,,,"Daniel Thurs,Ke Fang,Alessandro Cunsolo",OPEN,,,24,22,,,
,,,,"Daniel Thurs,Ke Fang,Alessandro Cunsolo",OPEN,,,24,19,,,
,,,,"Daniel Thurs,Ke Fang,Alessandro Cunsolo",WAITLISTED,,,24,24,,,
,,,,"Daniel Thurs,Ke Fang,Alessandro Cunsolo",WAITLISTED,,,24,24,,,
,,,,"Daniel Thurs,Ke Fang,Alessandro Cunsolo",OPEN,,,24,15,,,
,,,,"Daniel Thurs,Ke Fang,Alessandro Cunsolo",WAITLISTED,,,24,24,,,
,,,,"Daniel Thurs,Ke Fang,Alessandro Cunsolo",OPEN,,,24,22,,,
,,,,Matthew Pietryka,CLOSED,,,207,202,,,
,,,,Matthew Pietryka,WAITLISTED,,,17,17,,,
,,,,Matthew Pietryka,WAITLISTED,,,17,17,,,
,,,,Matthew Pietryka,OPEN,,,17,15,,,
,,,,Matthew Pietryka,WAITLISTED,,,17,17,,,
,,,,Matthew Pietryka,WAITLISTED,,,17,17,,,
,,,,Matthew Pietryka,OPEN,,,17,16,,,
,,,,Matthew Pietryka,WAITLISTED,,,17,17,,,
,,,,Matthew Pietryka,WAITLISTED,,,17,17,,,
,,,,Matthew Pietryka,WAITLISTED,,,17,17,,,
,,,,Matthew Pietryka,WAITLISTED,,,17,17,,,
,,,,Matthew Pietryka,WAITLISTED,,,17,17,,,
,,,,Matthew Pietryka,WAITLISTED,,,17,17,,,
,,,,Thomas Dubois,OPEN,,,24,4,,,
,,,,Thomas Dubois,OPEN,,,24,1,,,
,,,,Thomas Dubois,OPEN,,,24,4,,,
,,,,Thomas Dubois,WAITLISTED,,,24,5,,,
,,,,Thomas Dubois,OPEN,,,24,3,,,
,,,,Thomas Dubois,WAITLISTED,,,24,0,,,
,,,,Travis Pickering,OPEN,,,20,12,,,
,,,,Travis Pickering,OPEN,,,20,6,,,
,,,,Travis Pickering,OPEN,,,20,15,,,
,,,,Travis Pickering,OPEN,,,20,6,,,
,,,,Travis Pickering,OPEN,,,20,6,,,
,,,,Travis Pickering,OPEN,,,20,15,,,
,,,,Travis Pickering,OPEN,,,20,7,,,
,,,,Travis Pickering,OPEN,,,20,6,,,
,,,,Travis Pickering,OPEN,,,20,11,,,
,,,,Travis Pickering,OPEN,,,20,18,,,
,,,,Travis Pickering,OPEN,,,20,13,,,
,,,,Travis Pickering,OPEN,,,20,17,,,
,,,,Travis Pickering,OPEN,,,20,13,,,
,,,,Travis Pickering,CLOSED,,,20,20,,,
,,,,Travis Pickering,CLOSED,,,20,20,,,
,,,,Travis Pickering,OPEN,,,20,4,,,
,,,,Travis Pickering,OPEN,,,20,19,,,
,,,,Travis Pickering,OPEN,,,20,8,,,
,,,,Travis Pickering,OPEN,,,20,7,,,
,,,,Travis Pickering,OPEN,,,20,17,,,
,,,,Travis Pickering,OPEN,,,20,8,,,
,,,,Travis Pickering,OPEN,,,20,7,,,
,,,,Travis Pickering,OPEN,,,20,18,,,
,,,,Travis Pickering,OPEN,,,20,6,,,
,,,,Travis Pickering,OPEN,,,20,13,,,
,,,,Travis Pickering,OPEN,,,20,12,,,
,,,,Travis Pickering,OPEN,,,20,6,,,
,,,,Travis Pickering,OPEN,,,20,15,,,
,,,,Travis Pickering,OPEN,,,20,6,,,
,,,,Travis Pickering,OPEN,,,20,6,,,
,,,,Travis Pickering,OPEN,,,20,15,,,
,,,,Travis Pickering,OPEN,,,20,7,,,
,,,,Travis Pickering,OPEN,,,20,6,,,
,,,,Travis Pickering,OPEN,,,20,11,,,
,,,,Travis Pickering,OPEN,,,20,18,,,
,,,,Travis Pickering,OPEN,,,20,13,,,
,,,,Travis Pickering,OPEN,,,20,17,,,
,,,,Travis Pickering,OPEN,,,20,13,,,
,,,,Travis Pickering,CLOSED,,,20,20,,,
,,,,Travis Pickering,CLOSED,,,20,20,,,
,,,,Travis Pickering,OPEN,,,20,4,,,
,,,,Travis Pickering,OPEN,,,20,19,,,
,,,,Travis Pickering,OPEN,,,20,8,,,
,,,,Travis Pickering,OPEN,,,20,7,,,
,,,,Travis Pickering,OPEN,,,20,17,,,
,,,,Travis Pickering,OPEN,,,20,8,,,
,,,,Travis Pickering,OPEN,,,20,7,,,
,,,,Travis Pickering,OPEN,,,20,18,,,
,,,,Travis Pickering,OPEN,,,20,6,,,
,,,,Travis Pickering,OPEN,,,20,13,,,
,,,,Till Wagner,CLOSED,,,20,12,,,
,,,,Till Wagner,CLOSED,,,20,9,,,
,,,,Till Wagner,CLOSED,,,20,10,,,
,,,,"Justin Eagan,Emile Gluck Thaler",OPEN,,,15,9,,,
,,,,"Justin Eagan,Emile Gluck Thaler",WAITLISTED,,,15,12,,,
,,,,"Justin Eagan,Emile Gluck Thaler",OPEN,,,15,7,,,
,,,,"Justin Eagan,Emile Gluck Thaler",WAITLISTED,,,15,18,,,
,,,,Jia Zhou,CLOSED,,,0,1,,,
,,,,"Valerie Ahn,Michael Mohr,Cody Sorlie Theis",OPEN,,,12,11,,,
,,,,"Valerie Ahn,Michael Mohr,Cody Sorlie Theis",OPEN,,,12,11,,,
,,,,Gabriela Swic,OPEN,,,26,14,,,
,,,,Jesse Waggoner,OPEN,,,20,13,,,
,,,,Jesse Waggoner,OPEN,,,20,17,,,
,,,,Jesse Waggoner,OPEN,,,20,11,,,
,,,,Jesse Waggoner,OPEN,,,20,11,,,
,,,,Till Wagner,CLOSED,,,20,8,,,
,,,,Till Wagner,CLOSED,,,20,9,,,
,,,,Till Wagner,CLOSED,,,20,12,,,
,,,,David Dwyer,WAITLISTED,,,22,19,,,
,,,,David Dwyer,WAITLISTED,,,20,19,,,
,,,,David Dwyer,CLOSED,,,1,4,,,
,,,,David Dwyer,CLOSED,,,30,30,,,
,,,,David Dwyer,OPEN,,,30,23,,,
,,,,David Dwyer,WAITLISTED,,,30,28,,,
,,,,David Dwyer,OPEN,,,30,13,,,
,,,,David Dwyer,OPEN,,,30,8,,,
,,,,David Dwyer,OPEN,,,30,11,,,
,,,,David Dwyer,OPEN,,,30,14,,,
,,,,David Dwyer,OPEN,,,30,4,,,
,,,,David Dwyer,OPEN,,,30,6,,,
,,,,David Dwyer,OPEN,,,30,29,,,
,,,,"Justin Eagan,Emile Gluck Thaler",OPEN,,,15,3,,,
,,,,"Justin Eagan,Emile Gluck Thaler",WAITLISTED,,,15,3,,,
,,,,"Justin Eagan,Emile Gluck Thaler",OPEN,,,15,4,,,
,,,,"Justin Eagan,Emile Gluck Thaler",WAITLISTED,,,15,2,,,
,,,,David Dwyer,CLOSED,,,22,2,,,
,,,,David Dwyer,CLOSED,,,22,0,,,
,,,,David Dwyer,CLOSED,,,225,13,,,
,,,,David Dwyer,CLOSED,,,225,13,,,
,,,,David Dwyer,OPEN,,,30,0,,,
,,,,David Dwyer,CLOSED,,,225,13,,,
,,,,David Dwyer,OPEN,,,30,2,,,
,,,,David Dwyer,OPEN,,,30,2,,,
,,,,David Dwyer,OPEN,,,30,0,,,
,,,,David Dwyer,OPEN,,,30,2,,,
,,,,David Dwyer,OPEN,,,30,3,,,
,,,,David Dwyer,OPEN,,,30,2,,,
,,,,David Dwyer,CLOSED,,,225,13,,,
,,,,David Dwyer,CLOSED,,,22,1,,,
,,,,David Dwyer,CLOSED,,,22,1,,,
,,,,David Dwyer,CLOSED,,,220,105,,,
,,,,David Dwyer,CLOSED,,,220,105,,,
,,,,David Dwyer,OPEN,,,20,2,,,
,,,,David Dwyer,CLOSED,,,220,105,,,
,,,,David Dwyer,OPEN,,,30,11,,,
,,,,David Dwyer,OPEN,,,30,17,,,
,,,,David Dwyer,OPEN,,,30,17,,,
,,,,David Dwyer,OPEN,,,30,13,,,
,,,,David Dwyer,OPEN,,,30,20,,,
,,,,David Dwyer,OPEN,,,30,20,,,
,,,,David Dwyer,CLOSED,,,220,105,,,
,,,,Kristin Phillips-Court,OPEN,,,20,8,,,
,,,,Kristin Phillips-Court,OPEN,,,20,10,,,
,,,,Kristin Phillips-Court,OPEN,,,20,8,,,
,,,,"Steven Gagnon,Sun Young Choo",OPEN,,,20,12,,,
,,,,"Steven Gagnon,Yunhui Jeong",WAITLISTED,,,20,20,,,
,,,,"Steven Gagnon,Yunhui Jeong",OPEN,,,20,14,,,
,,,,Michelle Ramos,OPEN,,,30,23,,,
,,,,Liz Sexe,OPEN,,,30,20,,,
,,,,Michael Cardiff,CLOSED,,,15,7,,,
,,,,Michael Cardiff,OPEN,,,20,3,,,
,,,,Michael Cardiff,OPEN,,,16,2,,,
,,,,Michael Cardiff,OPEN,,,20,3,,,
,,,,Michael Cardiff,OPEN,,,20,1,,,
,,,,Michael Cardiff,WAITLISTED,,,20,5,,,
,,,,Michael Hernke,OPEN,,,25,22,,,
,,,,Michael Hernke,OPEN,,,795,776,,,
,,,,Michael Cardiff,CLOSED,,,18,11,,,
,,,,Michael Cardiff,OPEN,,,15,10,,,
,,,,Michael Cardiff,OPEN,,,15,2,,,
,,,,Michael Cardiff,OPEN,,,15,7,,,
,,,,Michael Cardiff,OPEN,,,15,10,,,
,,,,Michael Cardiff,CLOSED,,,15,13,,,
,,,,Matthew Johnson,OPEN,,,18,1,,,
,,,,Matthew Johnson,OPEN,,,18,1,,,
,,,,"Jim Reardon,Mitch McNanna",OPEN,,,250,170,,,
,,,,Meg Mitchell,OPEN,,,17,16,,,
,,,,Meg Mitchell,OPEN,,,17,13,,,
,,,,Meg Mitchell,WAITLISTED,,,17,17,,,
,,,,Meg Mitchell,OPEN,,,17,14,,,
,,,,Meg Mitchell,WAITLISTED,,,17,17,,,
,,,,Meg Mitchell,OPEN,,,17,14,,,
,,,,Meg Mitchell,WAITLISTED,,,17,17,,,
,,,,Meg Mitchell,OPEN,,,17,16,,,
,,,,Meg Mitchell,WAITLISTED,,,17,17,,,
,,,,Nancy Marshall,OPEN,,,30,1,,,
,,,,Nancy Marshall,WAITLISTED,,,15,17,,,
,,,,Nancy Marshall,OPEN,,,18,17,,,
,,,,Nancy Marshall,OPEN,,,18,13,,,
,,,,Nancy Marshall,OPEN,,,18,15,,,
,,,,Nancy Marshall,WAITLISTED,,,15,17,,,
,,,,Nancy Marshall,WAITLISTED,,,15,15,,,
,,,,Nancy Marshall,WAITLISTED,,,18,18,,,
,,,,Nancy Marshall,WAITLISTED,,,15,16,,,
,,,,Nancy Marshall,OPEN,,,18,14,,,
,,,,Nancy Marshall,WAITLISTED,,,15,15,,,
,,,,Nancy Marshall,OPEN,,,18,14,,,
,,,,Nancy Marshall,OPEN,,,15,14,,,
,,,,Aj Juarez,OPEN,,,30,19,,,
,,,,Katie Gaertner,WAITLISTED,,,50,42,,,
,,,,Sridhara Dasu,OPEN,,,27,15,,,
,,,,Sridhara Dasu,WAITLISTED,,,80,21,,,
,,,,Sridhara Dasu,OPEN,,,24,5,,,
,,,,Lea Gustin,WAITLISTED,,,19,20,,,
,,,,Lea Gustin,WAITLISTED,,,19,20,,,
,,,,Lea Gustin,WAITLISTED,,,19,19,,,
,,,,Lea Gustin,WAITLISTED,,,19,19,,,
,,,,Lea Gustin,WAITLISTED,,,19,20,,,
,,,,Lea Gustin,WAITLISTED,,,19,19,,,
,,,,Lea Gustin,WAITLISTED,,,19,19,,,
,,,,Lea Gustin,WAITLISTED,,,19,19,,,
,,,,Lea Gustin,WAITLISTED,,,19,20,,,
,,,,Lea Gustin,WAITLISTED,,,19,20,,,
,,,,Lea Gustin,WAITLISTED,,,19,20,,,
,,,,Lea Gustin,WAITLISTED,,,19,19,,,
,,,,"Johannes Wallmann,Dan Vanzeeland",OPEN,,,12,4,,,
,,,,Ernesto Livorni,OPEN,,,42,20,,,
,,,,Ernesto Livorni,OPEN,,,42,20,,,
,,,,"Pupa Gilbert,Jakob Moritz",OPEN,,,24,21,,,
,,,,"Pupa Gilbert,Jakob Moritz",OPEN,,,24,12,,,
,,,,"Pupa Gilbert,Jakob Moritz",OPEN,,,24,21,,,
,,,,"Pupa Gilbert,Jakob Moritz",OPEN,,,24,21,,,
,,,,"Pupa Gilbert,Jakob Moritz",OPEN,,,24,20,,,
,,,,"Pupa Gilbert,Jakob Moritz",OPEN,,,24,21,,,
,,,,"Pupa Gilbert,Jakob Moritz",OPEN,,,24,18,,,
,,,,"Pupa Gilbert,Jakob Moritz",OPEN,,,24,17,,,
,,,,"Pupa Gilbert,Jakob Moritz",OPEN,,,24,23,,,
,,,,"Pupa Gilbert,Jakob Moritz",OPEN,,,24,21,,,
,,,,"Pupa Gilbert,Jakob Moritz",OPEN,,,24,12,,,
,,,,"Pupa Gilbert,Jakob Moritz",OPEN,,,24,21,,,
,,,,"Pupa Gilbert,Jakob Moritz",OPEN,,,24,21,,,
,,,,"Pupa Gilbert,Jakob Moritz",OPEN,,,24,20,,,
,,,,"Pupa Gilbert,Jakob Moritz",OPEN,,,24,21,,,
,,,,"Pupa Gilbert,Jakob Moritz",OPEN,,,24,18,,,
,,,,"Pupa Gilbert,Jakob Moritz",OPEN,,,24,17,,,
,,,,"Pupa Gilbert,Jakob Moritz",OPEN,,,24,23,,,
,,,,Michael Rutkowski,OPEN,,,20,14,,,
,,,,Michael Rutkowski,OPEN,,,20,14,,,
,,,,Jin-Wen Yu,OPEN,,,20,13,,,
,,,,Aj Juarez,OPEN,,,30,22,,,
,,,,Aj Juarez,OPEN,,,30,22,,,
,,,,Michelle Ramos,OPEN,,,30,20,,,
,,,,Natalia Hildner,OPEN,,,30,24,,,
,,,,Victoria Andrews,OPEN,,,25,22,,,
,,,,Michelle Ramos,OPEN,,,25,13,,,
,,,,Natalia Hildner,OPEN,,,30,24,,,
,,,,Aj Juarez,OPEN,,,30,22,,,
,,,,Aj Juarez,OPEN,,,30,22,,,
,,,,Michelle Ramos,OPEN,,,30,20,,,
,,,,Jin-Wen Yu,OPEN,,,20,13,,,
,,,,Victoria Andrews,OPEN,,,25,22,,,
,,,,Michelle Ramos,OPEN,,,25,13,,,
,,,,"Rommel Jimenez,Samvibhaw Sinha",OPEN,,,50,34,,,
,,,,Clay Kelly,OPEN,,,18,6,,,
,,,,Clay Kelly,CLOSED,,,18,18,,,
,,,,Clay Kelly,CLOSED,,,18,20,,,
,,,,Clay Kelly,CLOSED,,,18,18,,,
,,,,Clay Kelly,OPEN,,,18,7,,,
,,,,Clay Kelly,CLOSED,,,18,18,,,
,,,,Clay Kelly,CLOSED,,,18,18,,,
,,,,Charo D Etcheverry,OPEN,,,20,3,,,
,,,,Scott Mellor,CLOSED,,,15,1,,,
,,,,Charo D Etcheverry,OPEN,,,20,3,,,
,,,,Scott Mellor,CLOSED,,,15,1,,,
,,,,"Sara Peters,Allison Hugo",OPEN,,,60,50,,,
,,,,Scott Hartman,OPEN,,,60,59,,,
,,,,"Atheer AL RIYAMI,Rachel Banda,Nancy Campos Cordova",OPEN,,,500,494,,,
,,,,"Benjamin Pankow,Hanna Walton,Steven Olds",OPEN,,,20,11,,,
,,,,Meg Lionel Murphy Hanson,WAITLISTED,,,16,16,,,
,,,,Meg Lionel Murphy Hanson,OPEN,,,16,13,,,
,,,,Swan Ferraro,OPEN,,,16,13,,,
,,,,Swan Ferraro,WAITLISTED,,,16,16,,,
,,,,Nykoli Koslow,OPEN,,,16,15,,,
,,,,Nykoli Koslow,OPEN,,,16,15,,,
,,,,Aaron Loux,CLOSED,,,0,20,,,
,,,,Collette Stewart,CLOSED,,,0,31,,,
,,,,Kate Corby,CLOSED,,,0,21,,,
,,,,Karen Mcshane-Hellenbrand,CLOSED,,,0,14,,,
,,,,Sultan M Zakaria Mazumder,OPEN,,,30,29,,,
,,,,Yenny Chavarria Garcia,OPEN,,,30,29,,,
,,,,Anshu Jain,OPEN,,,30,29,,,
,,,,"Jolanda Taylor,Mark Louden,Rachyl Hietpas",OPEN,,,20,5,,,
,,,,Helen Lee,OPEN,,,24,9,,,
,,,,Eshaan Bhansali,OPEN,,,65,62,,,
,,,,Dimas De Albuquerque,WAITLISTED,,,60,60,,,
,,,,Karthik Ravishankar,WAITLISTED,,,65,65,,,
,,,,Kevin Dao,OPEN,,,60,56,,,
,,,,Ari Davidovsky,WAITLISTED,,,65,66,,,
,,,,Alejo Salvatore,WAITLISTED,,,65,65,,,
,,,,Logan Heath,OPEN,,,65,63,,,
,,,,Alexandra Bonat,OPEN,,,65,62,,,
,,,,Anna Pham,OPEN,,,62,58,,,
,,,,"Liina-Ly Roos,Rachel Bott",OPEN,,,22,6,,,
,,,,Krzysztof Borowski,OPEN,,,18,3,,,
,,,,"Takako Nakakubo,Anju Kinoshita",OPEN,,,20,18,,,
,,,,Heather Swan,OPEN,,,22,18,,,
,,,,Heather Swan,WAITLISTED,,,22,22,,,
,,,,Heather Swan,OPEN,,,22,16,,,
,,,,Heather Swan,OPEN,,,22,20,,,
,,,,Heather Swan,OPEN,,,22,14,,,
,,,,Heather Swan,OPEN,,,22,12,,,
,,,,Heather Swan,WAITLISTED,,,22,22,,,
,,,,Heather Swan,WAITLISTED,,,22,23,,,
,,,,Eugenia Malitsky,OPEN,,,55,54,,,
,,,,Eugenia Malitsky,WAITLISTED,,,55,55,,,
,,,,Eugenia Malitsky,WAITLISTED,,,55,55,,,
,,,,Jameson Auger,OPEN,,,55,54,,,
,,,,Eiki Norizuki,OPEN,,,55,51,,,
,,,,"Johanna Wienholts,Anna Desfor",CLOSED,,,550,619,,,
,,,,"Javier Calderon,Isla Coronado",CLOSED,,,550,682,,,
,,,,"Tom Curry,Janet Lyu",OPEN,,,550,548,,,
,,,,Philip Gustafson,CLOSED,,,28,27,,,
,,,,Philip Gustafson,WAITLISTED,,,28,28,,,
,,,,Philip Gustafson,WAITLISTED,,,26,26,,,
,,,,Philip Gustafson,WAITLISTED,,,28,28,,,
,,,,Philip Gustafson,WAITLISTED,,,28,29,,,
,,,,Philip Gustafson,WAITLISTED,,,26,26,,,
,,,,Thomas Dale,CLOSED,,,30,37,,,
,,,,Thomas Dale,OPEN,,,15,6,,,
,,,,Thomas Dale,OPEN,,,20,7,,,
,,,,Thomas Dale,OPEN,,,20,4,,,
,,,,Thomas Dale,OPEN,,,20,9,,,
,,,,Thomas Dale,OPEN,,,20,4,,,
,,,,"Marla Delgado-Guerrero,Sadiyya Rahaman",OPEN,,,12,10,,,
,,,,"Marla Delgado-Guerrero,Francisco Campos Arguedas",OPEN,,,12,9,,,
,,,,"Marla Delgado-Guerrero,Therese Jasperson",CLOSED,,,12,12,,,
,,,,Marla Delgado-Guerrero,OPEN,,,12,10,,,
,,,,"Marla Delgado-Guerrero,Kuralay Yeskendirova",OPEN,,,12,9,,,
,,,,"Marla Delgado-Guerrero,Mark Moralez",OPEN,,,12,10,,,
,,,,"Marla Delgado-Guerrero,Maria Stakem",OPEN,,,12,11,,,
,,,,"Marla Delgado-Guerrero,Cherish Golden",OPEN,,,12,9,,,
,,,,Adam Davies,OPEN,,,35,23,,,
,,,,Shawn Peters,WAITLISTED,,,30,31,,,
,,,,Shawn Peters,OPEN,,,30,29,,,
,,,,Shawn Peters,OPEN,,,30,22,,,
,,,,Shawn Peters,OPEN,,,30,29,,,
,,,,Adam Davies,OPEN,,,35,23,,,
,,,,Shawn Peters,WAITLISTED,,,30,31,,,
,,,,Shawn Peters,OPEN,,,30,29,,,
,,,,Shawn Peters,OPEN,,,30,22,,,
,,,,Shawn Peters,OPEN,,,30,29,,,
,,,,"Marla Delgado-Guerrero,Sadiyya Rahaman",OPEN,,,12,10,,,
,,,,"Marla Delgado-Guerrero,Francisco Campos Arguedas",OPEN,,,12,9,,,
,,,,"Marla Delgado-Guerrero,Therese Jasperson",CLOSED,,,12,12,,,
,,,,Marla Delgado-Guerrero,OPEN,,,12,10,,,
,,,,"Marla Delgado-Guerrero,Kuralay Yeskendirova",OPEN,,,12,9,,,
,,,,"Marla Delgado-Guerrero,Mark Moralez",OPEN,,,12,10,,,
,,,,"Marla Delgado-Guerrero,Maria Stakem",OPEN,,,12,11,,,
,,,,"Marla Delgado-Guerrero,Cherish Golden",OPEN,,,12,9,,,
,,,,"Jonas Tijerino,Alex Hopp",OPEN,,,25,21,,,
,,,,"Alex Hopp,Lily Li",WAITLISTED,,,25,27,,,
,,,,"Jonas Tijerino,Alex Hopp",WAITLISTED,,,25,30,,,
,,,,"Alex Hopp,Lily Li",WAITLISTED,,,25,28,,,
,,,,"Jonas Tijerino,Alex Hopp",OPEN,,,25,21,,,
,,,,"Alex Hopp,Lily Li",WAITLISTED,,,25,27,,,
,,,,"Jonas Tijerino,Alex Hopp",WAITLISTED,,,25,30,,,
,,,,"Alex Hopp,Lily Li",WAITLISTED,,,25,28,,,
,,,,John Sarff,OPEN,,,25,6,,,
,,,,John Sarff,OPEN,,,15,11,,,
,,,,Thomas Dale,CLOSED,,,30,0,,,
,,,,Thomas Dale,OPEN,,,15,4,,,
,,,,Thomas Dale,OPEN,,,20,2,,,
,,,,Thomas Dale,OPEN,,,20,4,,,
,,,,Thomas Dale,OPEN,,,20,1,,,
,,,,Thomas Dale,OPEN,,,20,5,,,
,,,,J.R. Schmidt,OPEN,,,16,14,,,
,,,,J.R. Schmidt,OPEN,,,16,13,,,
,,,,Alejandro Azocar,CLOSED,,,16,17,,,
,,,,Marta Halaczkiewicz,OPEN,,,16,14,,,
,,,,Dan Timm,OPEN,,,24,23,,,
,,,,Dan Timm,OPEN,,,23,16,,,
,,,,Becky Tarver Chase,CLOSED,,,14,16,,,
,,,,Heidi Evans,CLOSED,,,14,15,,,
,,,,Al'X Pierre,CLOSED,,,14,14,,,
,,,,Al'X Pierre,CLOSED,,,14,15,,,
,,,,Reika Yoshida,CLOSED,,,14,16,,,
,,,,Al'X Pierre,CLOSED,,,14,16,,,
,,,,Moses Oluwanifise,OPEN,,,14,12,,,
,,,,Nevin Durmaz,OPEN,,,14,13,,,
,,,,"Timothy Van Deelen,Reba Luiken",OPEN,,,20,8,,,
,,,,Danielle Scheffler,CLOSED,,,12,14,,,
,,,,Angela Alexander,CLOSED,,,12,14,,,
,,,,Danielle Scheffler,CLOSED,,,12,14,,,
,,,,Terry Nuckolls,CLOSED,,,12,13,,,
,,,,James Corona,OPEN,,,12,11,,,
,,,,James Corona,CLOSED,,,12,12,,,
,,,,Shauna Crowther,CLOSED,,,12,13,,,
,,,,Stella Isenbuegel,CLOSED,,,12,14,,,
,,,,Karen Best,CLOSED,,,12,14,,,
,,,,Terry Nuckolls,CLOSED,,,12,12,,,
,,,,James Corona,CLOSED,,,12,13,,,
,,,,Stella Isenbuegel,CLOSED,,,12,15,,,
,,,,Alejandro Azocar,CLOSED,,,12,15,,,
,,,,Parthy Schachter,CLOSED,,,12,14,,,
,,,,Parthy Schachter,CLOSED,,,12,12,,,
,,,,Anya Nesterchouk,CLOSED,,,12,15,,,
,,,,Anya Nesterchouk,CLOSED,,,12,14,,,
,,,,Kurt Feigl,OPEN,,,60,36,,,
,,,,Morgan Shields,WAITLISTED,,,100,118,,,
,,,,"John Dunne,Tiantian Cai",WAITLISTED,,,25,2,,,
,,,,"John Dunne,Tiantian Cai",WAITLISTED,,,25,0,,,
,,,,"John Dunne,Tiantian Cai",WAITLISTED,,,25,1,,,
,,,,Margarita Kaushanskaya,OPEN,,,215,186,,,
,,,,"John Dunne,Tiantian Cai",WAITLISTED,,,25,7,,,
,,,,"John Dunne,Tiantian Cai",WAITLISTED,,,25,5,,,
,,,,"John Dunne,Tiantian Cai",WAITLISTED,,,25,9,,,
,,,,"John Dunne,Tiantian Cai",WAITLISTED,,,25,4,,,
,,,,"John Dunne,Tiantian Cai",WAITLISTED,,,25,6,,,
,,,,"John Dunne,Tiantian Cai",WAITLISTED,,,25,5,,,
,,,,"Jen Plants,Cecelia Stokes",OPEN,,,19,10,,,
,,,,"Jen Plants,Cecelia Stokes",OPEN,,,19,9,,,
,,,,"Jen Plants,Cecelia Stokes",CLOSED,,,19,14,,,
,,,,"Jen Plants,Cecelia Stokes",CLOSED,,,19,10,,,
,,,,"Jen Plants,Cecelia Stokes",CLOSED,,,19,13,,,
,,,,"Jen Plants,Cecelia Stokes",OPEN,,,19,8,,,
,,,,"Jen Plants,Cecelia Stokes",CLOSED,,,19,12,,,
,,,,"Jen Plants,Cecelia Stokes",OPEN,,,19,8,,,
,,,,"Jen Plants,Cecelia Stokes",OPEN,,,19,6,,,
,,,,"Jen Plants,Cecelia Stokes",OPEN,,,19,11,,,
,,,,"Jen Plants,Cecelia Stokes",CLOSED,,,19,12,,,
,,,,"Jen Plants,Cecelia Stokes",OPEN,,,19,7,,,
,,,,"Jen Plants,Cecelia Stokes",CLOSED,,,19,11,,,
,,,,"Jen Plants,Cecelia Stokes",OPEN,,,19,9,,,
,,,,"Jen Plants,Cecelia Stokes",CLOSED,,,19,8,,,
,,,,"Jen Plants,Cecelia Stokes",CLOSED,,,19,13,,,
,,,,"Jen Plants,Cecelia Stokes",OPEN,,,19,11,,,
,,,,"Jen Plants,Cecelia Stokes",CLOSED,,,19,10,,,
,,,,"Jen Plants,Cecelia Stokes",CLOSED,,,19,9,,,
,,,,"Jen Plants,Cecelia Stokes",CLOSED,,,19,11,,,
,,,,Erika Marin-Spiotta,OPEN,,,22,8,,,
,,,,Erika Marin-Spiotta,OPEN,,,22,5,,,
,,,,Erika Marin-Spiotta,OPEN,,,22,5,,,
,,,,Erika Marin-Spiotta,OPEN,,,22,5,,,
,,,,Erika Marin-Spiotta,OPEN,,,22,1,,,
,,,,Erika Marin-Spiotta,OPEN,,,22,4,,,
,,,,Erika Marin-Spiotta,OPEN,,,22,7,,,
,,,,Erika Marin-Spiotta,OPEN,,,22,7,,,
,,,,Erika Marin-Spiotta,OPEN,,,22,1,,,
,,,,Erika Marin-Spiotta,OPEN,,,22,4,,,
,,,,Erika Marin-Spiotta,OPEN,,,22,10,,,
,,,,Erika Marin-Spiotta,OPEN,,,22,0,,,
,,,,Erika Marin-Spiotta,OPEN,,,22,4,,,
,,,,Erika Marin-Spiotta,OPEN,,,22,2,,,
,,,,Erika Marin-Spiotta,OPEN,,,22,4,,,
,,,,Erika Marin-Spiotta,OPEN,,,22,13,,,
,,,,Brandon Bloch,CLOSED,,,72,65,,,
,,,,Brandon Bloch,OPEN,,,18,13,,,
,,,,Brandon Bloch,OPEN,,,18,13,,,
,,,,Brandon Bloch,OPEN,,,18,9,,,
,,,,Brandon Bloch,WAITLISTED,,,18,18,,,
,,,,Rikhil Bhavnani,WAITLISTED,,,17,17,,,
,,,,Rikhil Bhavnani,OPEN,,,17,15,,,
,,,,Rikhil Bhavnani,OPEN,,,17,16,,,
,,,,Rikhil Bhavnani,OPEN,,,17,16,,,
,,,,Rikhil Bhavnani,OPEN,,,17,16,,,
,,,,Rikhil Bhavnani,OPEN,,,17,16,,,
,,,,Rikhil Bhavnani,WAITLISTED,,,17,17,,,
,,,,Rikhil Bhavnani,WAITLISTED,,,17,17,,,
,,,,Rikhil Bhavnani,OPEN,,,17,16,,,
,,,,"John Dunne,Tiantian Cai",WAITLISTED,,,25,12,,,
,,,,"John Dunne,Tiantian Cai",WAITLISTED,,,25,14,,,
,,,,"John Dunne,Tiantian Cai",WAITLISTED,,,25,10,,,
,,,,"Jen Plants,Cecelia Stokes",OPEN,,,17,7,,,
,,,,"Jen Plants,Cecelia Stokes",OPEN,,,17,8,,,
,,,,"Jen Plants,Cecelia Stokes",WAITLISTED,,,17,5,,,
,,,,"Jen Plants,Cecelia Stokes",WAITLISTED,,,17,9,,,
,,,,"Jen Plants,Cecelia Stokes",WAITLISTED,,,17,6,,,
,,,,"Jen Plants,Cecelia Stokes",OPEN,,,17,10,,,
,,,,"Jen Plants,Cecelia Stokes",WAITLISTED,,,17,7,,,
,,,,"Jen Plants,Cecelia Stokes",OPEN,,,17,10,,,
,,,,"Jen Plants,Cecelia Stokes",OPEN,,,17,12,,,
,,,,"Jen Plants,Cecelia Stokes",OPEN,,,17,6,,,
,,,,"Jen Plants,Cecelia Stokes",WAITLISTED,,,17,7,,,
,,,,"Jen Plants,Cecelia Stokes",OPEN,,,17,10,,,
,,,,"Jen Plants,Cecelia Stokes",WAITLISTED,,,17,8,,,
,,,,"Jen Plants,Cecelia Stokes",OPEN,,,17,9,,,
,,,,"Jen Plants,Cecelia Stokes",WAITLISTED,,,17,11,,,
,,,,"Jen Plants,Cecelia Stokes",WAITLISTED,,,17,6,,,
,,,,"Jen Plants,Cecelia Stokes",OPEN,,,17,7,,,
,,,,"Jen Plants,Cecelia Stokes",WAITLISTED,,,17,9,,,
,,,,"Jen Plants,Cecelia Stokes",WAITLISTED,,,17,10,,,
,,,,"Jen Plants,Cecelia Stokes",WAITLISTED,,,17,8,,,
,,,,Peggy Choy,OPEN,,,25,3,,,
,,,,Andrea Hicks,OPEN,,,20,8,,,
,,,,Peggy Choy,OPEN,,,25,10,,,
,,,,"Dewi Qisti,Eunjeong Ko,Kyesha Isadore",CLOSED,,,70,70,,,
,,,,"Erlin Barnard,Muhammad Asif",OPEN,,,25,8,,,
,,,,"Erlin Barnard,Muhammad Asif",OPEN,,,25,8,,,
,,,,Ruka Shironishi,OPEN,,,24,19,,,
,,,,Ruka Shironishi,OPEN,,,22,19,,,
,,,,Ruka Shironishi,OPEN,,,23,16,,,
,,,,Claus Andersen,OPEN,,,20,8,,,
,,,,Nisa Karimi,CLOSED,,,16,12,,,
,,,,Nisa Karimi,CLOSED,,,16,12,,,
,,,,Nisa Karimi,CLOSED,,,16,10,,,
,,,,Nisa Karimi,CLOSED,,,16,11,,,
,,,,Nisa Karimi,OPEN,,,16,11,,,
,,,,Nisa Karimi,OPEN,,,16,6,,,
,,,,Nisa Karimi,OPEN,,,16,8,,,
,,,,Nisa Karimi,OPEN,,,16,10,,,
,,,,"Erin Hamilton,Rachael Shields",CLOSED,,,59,59,,,
,,,,Tanya Schlam,OPEN,,,20,15,,,
,,,,Nisa Karimi,WAITLISTED,,,16,4,,,
,,,,Nisa Karimi,WAITLISTED,,,16,4,,,
,,,,Nisa Karimi,WAITLISTED,,,16,6,,,
,,,,Nisa Karimi,WAITLISTED,,,16,5,,,
,,,,Nisa Karimi,OPEN,,,16,4,,,
,,,,Nisa Karimi,OPEN,,,16,6,,,
,,,,Nisa Karimi,OPEN,,,16,7,,,
,,,,Nisa Karimi,OPEN,,,16,3,,,
,,,,"Erlin Barnard,Richard Nicolas",CLOSED,,,1,1,,,
,,,,"Erlin Barnard,Richard Nicolas",CLOSED,,,0,1,,,
,,,,"Erlin Barnard,Richard Nicolas",CLOSED,,,15,15,,,
,,,,"Carolina Sarmiento,Jingyi Ma",OPEN,,,60,57,,,
,,,,"Blake Bishop,Caitlin Schaer",OPEN,,,20,8,,,
,,,,"Triston King,Caitlin Schaer",OPEN,,,20,11,,,
,,,,"Frank Rodriguez,Caitlin Schaer",OPEN,,,20,14,,,
,,,,"Caitlin Schaer,Anna Gorman",OPEN,,,20,12,,,
,,,,Caitlin Schaer,OPEN,,,20,7,,,
,,,,Bradford Chin,CLOSED,,,0,15,,,
,,,,Kecia Doyle,CLOSED,,,0,11,,,
,,,,Kecia Doyle,CLOSED,,,0,12,,,
,,,,Kecia Doyle,CLOSED,,,0,10,,,
,,,,Kecia Doyle,CLOSED,,,0,10,,,
,,,,Kecia Doyle,CLOSED,,,0,11,,,
,,,,Kecia Doyle,CLOSED,,,0,9,,,
,,,,"Aylin Celik Zencir,Louis Fosu-Asare",OPEN,,,70,69,,,
,,,,"Erlin Barnard,Choua Lee",OPEN,,,25,16,,,
,,,,Liz Sexe,CLOSED,,,0,30,,,
,,,,Grace Bulltail,OPEN,,,25,6,,,
,,,,Grace Bulltail,OPEN,,,25,12,,,
,,,,Grace Bulltail,OPEN,,,25,5,,,
,,,,Grace Bulltail,OPEN,,,25,0,,,
,,,,Grace Bulltail,OPEN,,,25,6,,,
,,,,Grace Bulltail,OPEN,,,25,4,,,
,,,,"Amy Zwaska,Denise Walbrandt Pigarelli",OPEN,,,48,29,,,
,,,,Patrick Hills-Meyer,OPEN,,,100,99,,,
,,,,"Erlin Barnard,Hany Noviya",CLOSED,,,0,1,,,
,,,,"Erlin Barnard,Hany Noviya",OPEN,,,15,2,,,
,,,,"Janpanit Surasin,Erlin Barnard",OPEN,,,15,1,,,
,,,,"Janpanit Surasin,Erlin Barnard",OPEN,,,15,1,,,
,,,,"Kate McCulloh,Hiroshi Maeda",WAITLISTED,,,18,5,,,
,,,,"Kate McCulloh,Hiroshi Maeda",OPEN,,,18,3,,,
,,,,"Kate McCulloh,Hiroshi Maeda",WAITLISTED,,,18,5,,,
,,,,"Kate McCulloh,Hiroshi Maeda",OPEN,,,18,9,,,
,,,,"Kate McCulloh,Hiroshi Maeda",WAITLISTED,,,18,4,,,
,,,,"Kate McCulloh,Hiroshi Maeda",WAITLISTED,,,18,4,,,
,,,,"Kate McCulloh,Hiroshi Maeda",OPEN,,,18,1,,,
,,,,"Kate McCulloh,Hiroshi Maeda",WAITLISTED,,,18,3,,,
,,,,"Kate McCulloh,Hiroshi Maeda",OPEN,,,18,3,,,
,,,,"Kate McCulloh,Hiroshi Maeda",WAITLISTED,,,18,13,,,
,,,,"Kate McCulloh,Hiroshi Maeda",OPEN,,,18,13,,,
,,,,"Kate McCulloh,Hiroshi Maeda",WAITLISTED,,,18,14,,,
,,,,"Kate McCulloh,Hiroshi Maeda",OPEN,,,18,4,,,
,,,,"Kate McCulloh,Hiroshi Maeda",WAITLISTED,,,18,14,,,
,,,,"Kate McCulloh,Hiroshi Maeda",WAITLISTED,,,18,14,,,
,,,,"Kate McCulloh,Hiroshi Maeda",OPEN,,,18,15,,,
,,,,"Kate McCulloh,Hiroshi Maeda",WAITLISTED,,,18,15,,,
,,,,"Kate McCulloh,Hiroshi Maeda",OPEN,,,18,14,,,
,,,,James Sweet,CLOSED,,,89,76,,,
,,,,James Sweet,WAITLISTED,,,18,18,,,
,,,,James Sweet,OPEN,,,18,8,,,
,,,,James Sweet,OPEN,,,18,16,,,
,,,,James Sweet,WAITLISTED,,,18,18,,,
,,,,Megan Reilly,OPEN,,,24,18,,,
,,,,Collette Stewart,WAITLISTED,,,30,30,,,
,,,,Ralph Grunewald,OPEN,,,25,15,,,
,,,,Ralph Grunewald,OPEN,,,25,20,,,
,,,,Ralph Grunewald,WAITLISTED,,,25,17,,,
,,,,Ralph Grunewald,WAITLISTED,,,25,18,,,
,,,,Ralph Grunewald,OPEN,,,25,16,,,
,,,,Ralph Grunewald,OPEN,,,25,15,,,
,,,,Ralph Grunewald,OPEN,,,25,16,,,
,,,,Ralph Grunewald,OPEN,,,25,17,,,
,,,,Ralph Grunewald,OPEN,,,25,9,,,
,,,,Ralph Grunewald,OPEN,,,25,4,,,
,,,,Ralph Grunewald,WAITLISTED,,,25,8,,,
,,,,Ralph Grunewald,WAITLISTED,,,25,7,,,
,,,,Ralph Grunewald,OPEN,,,25,8,,,
,,,,Ralph Grunewald,OPEN,,,25,9,,,
,,,,Ralph Grunewald,OPEN,,,25,7,,,
,,,,Ralph Grunewald,OPEN,,,25,3,,,
,,,,Alfred Hartemink,OPEN,,,100,21,,,
,,,,"Erlin Barnard,Hong Dinh",OPEN,,,15,5,,,
,,,,"Mallika Nocco,Margaret Zimmer",WAITLISTED,,,180,74,,,
,,,,"Mallika Nocco,Margaret Zimmer",WAITLISTED,,,180,32,,,
,,,,Victoria Andrews,OPEN,,,25,20,,,
,,,,Victoria Andrews,OPEN,,,25,18,,,
,,,,Michelle Ramos,OPEN,,,20,17,,,
,,,,Karen Rigsby,OPEN,,,25,21,,,
,,,,Karen Rigsby,OPEN,,,20,18,,,
,,,,Karen Rigsby,OPEN,,,20,18,,,
,,,,Karen Mcshane-Hellenbrand,OPEN,,,30,25,,,
,,,,Karen Mcshane-Hellenbrand,OPEN,,,30,25,,,
,,,,Victoria Andrews,OPEN,,,25,20,,,
,,,,Victoria Andrews,OPEN,,,25,18,,,
,,,,Michelle Ramos,OPEN,,,20,17,,,
,,,,Karen Rigsby,OPEN,,,25,21,,,
,,,,Karen Rigsby,OPEN,,,20,18,,,
,,,,Karen Rigsby,OPEN,,,20,18,,,
,,,,Stavroula Antonopoulos,OPEN,,,475,473,,,
,,,,Stavroula Antonopoulos,WAITLISTED,,,475,482,,,
,,,,"Mallika Nocco,Margaret Zimmer",WAITLISTED,,,180,75,,,
,,,,Rena Kornblum,OPEN,,,25,24,,,
,,,,Katie Vermillion Kalmon,OPEN,,,375,325,,,
,,,,Matthew Wolfgram,OPEN,,,30,29,,,
,,,,Jason Nolen,OPEN,,,25,9,,,
,,,,Jason Nolen,OPEN,,,25,18,,,
,,,,Jason Nolen,OPEN,,,25,16,,,
,,,,Jason Nolen,OPEN,,,25,4,,,
,,,,Jason Nolen,OPEN,,,25,3,,,
,,,,Jason Nolen,OPEN,,,25,9,,,
,,,,Jason Nolen,OPEN,,,25,15,,,
,,,,Jason Nolen,OPEN,,,25,18,,,
,,,,Jason Nolen,OPEN,,,25,14,,,
,,,,Jason Nolen,OPEN,,,25,18,,,
,,,,Jason Nolen,OPEN,,,25,15,,,
,,,,Jason Nolen,OPEN,,,25,7,,,
,,,,Jason Nolen,OPEN,,,25,6,,,
,,,,Jason Nolen,OPEN,,,25,9,,,
,,,,Jason Nolen,OPEN,,,25,17,,,
,,,,Jason Nolen,OPEN,,,25,24,,,
,,,,Nicholas Pedriana,WAITLISTED,,,25,25,,,
,,,,Nicholas Pedriana,OPEN,,,25,16,,,
,,,,Nicholas Pedriana,OPEN,,,25,12,,,
,,,,Nicholas Pedriana,OPEN,,,25,8,,,
,,,,Nicholas Pedriana,OPEN,,,25,13,,,
,,,,Nicholas Pedriana,OPEN,,,25,10,,,
,,,,Nicholas Pedriana,OPEN,,,24,14,,,
,,,,Nicholas Pedriana,WAITLISTED,,,25,25,,,
,,,,Nicholas Pedriana,OPEN,,,25,13,,,
,,,,Nicholas Pedriana,OPEN,,,25,16,,,
,,,,Nicholas Pedriana,OPEN,,,25,10,,,
,,,,Nicholas Pedriana,OPEN,,,25,7,,,
,,,,Nicholas Pedriana,OPEN,,,25,21,,,
,,,,Nicholas Pedriana,OPEN,,,25,16,,,
,,,,Nicholas Pedriana,OPEN,,,25,23,,,
,,,,Nicholas Pedriana,OPEN,,,25,21,,,
,,,,Liz Sexe,OPEN,,,30,24,,,
,,,,Kelsey Macomber,OPEN,,,30,22,,,
,,,,Kelsey Macomber,WAITLISTED,,,30,30,,,
,,,,Kelsey Macomber,OPEN,,,30,19,,,
,,,,"Hanqing Wu,Tolga Zencir",CLOSED,,,45,16,,,
,,,,"Hanqing Wu,Tolga Zencir",CLOSED,,,45,29,,,
,,,,"Erlin Barnard,Jampa Khedup",OPEN,,,10,2,,,
,,,,Scott Anderson,OPEN,,,20,15,,,
,,,,Kelsey Macomber,OPEN,,,20,16,,,
,,,,"Erlin Barnard,Fatemeh Mirsharifi",OPEN,,,10,2,,,
,,,,"Erlin Barnard,Fatemeh Mirsharifi",OPEN,,,10,5,,,
,,,,Chloe Hart,OPEN,,,25,11,,,
,,,,Chloe Hart,OPEN,,,25,15,,,
,,,,Chloe Hart,OPEN,,,25,22,,,
,,,,Chloe Hart,OPEN,,,25,22,,,
,,,,Morgan Robertson,OPEN,,,22,3,,,
,,,,Morgan Robertson,OPEN,,,22,8,,,
,,,,Morgan Robertson,OPEN,,,22,6,,,
,,,,Morgan Robertson,OPEN,,,22,5,,,
,,,,Morgan Robertson,OPEN,,,22,6,,,
,,,,Morgan Robertson,OPEN,,,22,1,,,
,,,,Morgan Robertson,OPEN,,,22,5,,,
,,,,Morgan Robertson,OPEN,,,22,13,,,
,,,,Morgan Robertson,OPEN,,,22,1,,,
,,,,Morgan Robertson,OPEN,,,22,2,,,
,,,,Morgan Robertson,OPEN,,,22,4,,,
,,,,Morgan Robertson,OPEN,,,22,2,,,
,,,,Morgan Robertson,OPEN,,,22,3,,,
,,,,Morgan Robertson,OPEN,,,22,6,,,
,,,,Morgan Robertson,OPEN,,,22,3,,,
,,,,Morgan Robertson,OPEN,,,22,8,,,
,,,,Laura Stephenson,OPEN,,,20,13,,,
,,,,Ron Kean,OPEN,,,24,23,,,
,,,,Ron Kean,OPEN,,,24,22,,,
,,,,Ron Kean,OPEN,,,24,23,,,
,,,,Ke Zhang,CLOSED,,,60,21,,,
,,,,Ke Zhang,OPEN,,,30,3,,,
,,,,Ke Zhang,OPEN,,,30,14,,,
,,,,Michael Bell,OPEN,,,25,5,,,
,,,,Michael Bell,OPEN,,,25,11,,,
,,,,Michael Bell,OPEN,,,25,4,,,
,,,,Michael Bell,OPEN,,,25,11,,,
,,,,Claude Heintz,CLOSED,,,0,12,,,
,,,,"Brooke Godfrey,Roya Naamipouran,Mohammed Murtuza",CLOSED,,,16,16,,,
,,,,"Brooke Godfrey,Roya Naamipouran,Mohammed Murtuza",OPEN,,,16,15,,,
,,,,"Brooke Godfrey,Roya Naamipouran,Mohammed Murtuza",OPEN,,,16,15,,,
,,,,"Brooke Godfrey,Roya Naamipouran,Mohammed Murtuza",OPEN,,,16,13,,,
,,,,"Brooke Godfrey,Roya Naamipouran,Mohammed Murtuza",OPEN,,,16,14,,,
,,,,"Brooke Godfrey,Roya Naamipouran,Mohammed Murtuza",OPEN,,,16,15,,,
,,,,Erica Ramberg,OPEN,,,25,24,,,
,,,,Erica Ramberg,OPEN,,,25,24,,,
,,,,Erica Ramberg,CLOSED,,,25,25,,,
,,,,Erica Ramberg,CLOSED,,,25,25,,,
,,,,Noelle Mariano,OPEN,,,18,11,,,
,,,,Noelle Mariano,OPEN,,,18,8,,,
,,,,Austin Powell,WAITLISTED,,,19,19,,,
,,,,Mark Copelovitch,CLOSED,,,259,239,,,
,,,,Mark Copelovitch,WAITLISTED,,,17,17,,,
,,,,Mark Copelovitch,WAITLISTED,,,17,17,,,
,,,,Mark Copelovitch,OPEN,,,17,14,,,
,,,,Mark Copelovitch,OPEN,,,17,6,,,
,,,,Mark Copelovitch,OPEN,,,17,16,,,
,,,,Mark Copelovitch,WAITLISTED,,,17,17,,,
,,,,Mark Copelovitch,OPEN,,,17,11,,,
,,,,Mark Copelovitch,WAITLISTED,,,17,17,,,
,,,,Mark Copelovitch,WAITLISTED,,,17,17,,,
,,,,Mark Copelovitch,WAITLISTED,,,17,17,,,
,,,,Mark Copelovitch,WAITLISTED,,,17,17,,,
,,,,Mark Copelovitch,WAITLISTED,,,17,17,,,
,,,,Mark Copelovitch,WAITLISTED,,,17,17,,,
,,,,Mark Copelovitch,WAITLISTED,,,17,17,,,
,,,,Mark Copelovitch,WAITLISTED,,,17,17,,,
,,,,Michael Bell,OPEN,,,25,6,,,
,,,,Michael Bell,OPEN,,,25,13,,,
,,,,Michael Bell,OPEN,,,25,6,,,
,,,,Michael Bell,OPEN,,,25,5,,,
,,,,Jessica Lanius,OPEN,,,20,19,,,
,,,,Ethan Schondorf,OPEN,,,60,58,,,
,,,,John Spoerl,OPEN,,,60,56,,,
,,,,Walter Stern,CLOSED,,,18,18,,,
,,,,Walter Stern,CLOSED,,,20,8,,,
,,,,Walter Stern,WAITLISTED,,,20,5,,,
,,,,Walter Stern,CLOSED,,,20,11,,,
,,,,Walter Stern,WAITLISTED,,,15,2,,,
,,,,Walter Stern,WAITLISTED,,,20,12,,,
,,,,Walter Stern,WAITLISTED,,,20,15,,,
,,,,Walter Stern,WAITLISTED,,,20,9,,,
,,,,"Julia Rottmayer,Danielle Bullock",CLOSED,,,20,20,,,
,,,,Kate Merz,OPEN,,,19,17,,,
,,,,Kate Merz,CLOSED,,,19,15,,,
,,,,Kate Merz,CLOSED,,,19,16,,,
,,,,Kate Merz,CLOSED,,,19,19,,,
,,,,Kate Merz,CLOSED,,,19,16,,,
,,,,Kate Merz,OPEN,,,19,13,,,
,,,,Kate Merz,OPEN,,,19,13,,,
,,,,Kate Merz,OPEN,,,19,13,,,
,,,,Kate Merz,CLOSED,,,19,18,,,
,,,,Kate Merz,CLOSED,,,19,15,,,
,,,,Kate Merz,OPEN,,,19,16,,,
,,,,Kate Merz,OPEN,,,19,13,,,
,,,,Kate Merz,CLOSED,,,19,18,,,
,,,,Kate Merz,CLOSED,,,19,14,,,
,,,,Kate Merz,OPEN,,,19,13,,,
,,,,Kate Merz,CLOSED,,,19,15,,,
,,,,Kate Merz,OPEN,,,14,0,,,
,,,,Kate Merz,CLOSED,,,19,4,,,
,,,,Kate Merz,CLOSED,,,19,3,,,
,,,,Kate Merz,CLOSED,,,19,0,,,
,,,,Kate Merz,CLOSED,,,19,3,,,
,,,,Kate Merz,OPEN,,,19,5,,,
,,,,Kate Merz,OPEN,,,19,5,,,
,,,,Kate Merz,OPEN,,,19,5,,,
,,,,Kate Merz,CLOSED,,,19,3,,,
,,,,Kate Merz,CLOSED,,,19,4,,,
,,,,Kate Merz,OPEN,,,19,2,,,
,,,,Kate Merz,OPEN,,,19,5,,,
,,,,Kate Merz,CLOSED,,,19,1,,,
,,,,Kate Merz,CLOSED,,,19,5,,,
,,,,Kate Merz,OPEN,,,19,4,,,
,,,,Kate Merz,CLOSED,,,19,4,,,
,,,,Kaitlin Case,OPEN,,,8,4,,,
,,,,Alexander Cook,OPEN,,,8,5,,,
,,,,Nathan Le,OPEN,,,8,2,,,
,,,,Jacob Zehr,OPEN,,,8,4,,,
,,,,Danielle Bullock,OPEN,,,8,3,,,
,,,,Tamkinat Rauf,OPEN,,,40,38,,,
,,,,Erica Turner,CLOSED,,,30,30,,,
,,,,Daniel Ussishkin,OPEN,,,250,90,,,
,,,,Daniel Ussishkin,OPEN,,,250,138,,,
,,,,Daniel Ussishkin,OPEN,,,400,367,,,
,,,,Danielle Bullock,CLOSED,,,1,1,,,
,,,,Louka Patenaude,CLOSED,,,1,1,,,
,,,,Mark Hetzler,OPEN,,,3,1,,,
,,,,Matthew Zalkind,OPEN,,,3,1,,,
,,,,Peter Dominguez,OPEN,,,3,2,,,
,,,,Taya Koenig-Tarasevich,OPEN,,,3,1,,,
,,,,Arun Luthra,OPEN,,,3,1,,,
,,,,Walter Puyear,OPEN,,,3,1,,,
,,,,Sean Kleve,OPEN,,,2,1,,,
,,,,Eleni Katz,OPEN,,,7,2,,,
,,,,Alicia Lee,OPEN,,,3,1,,,
,,,,David O'Brien,OPEN,,,30,29,,,
,,,,Katelyn Dahlke,CLOSED,,,50,51,,,
,,,,Kyle Reynolds,OPEN,,,150,94,,,
,,,,Mitch Frank,OPEN,,,33,32,,,
,,,,Nancy Kendall,OPEN,,,10,7,,,
,,,,Mary Michaud,OPEN,,,30,28,,,
,,,,Kim Mueller,OPEN,,,20,8,,,
,,,,Kim Mueller,OPEN,,,20,12,,,
,,,,Mary Michaud,OPEN,,,30,28,,,
,,,,Nancy Kendall,OPEN,,,10,7,,,
,,,,Kim Mueller,OPEN,,,20,8,,,
,,,,Kim Mueller,OPEN,,,20,12,,,
,,,,Lucy Yang,OPEN,,,18,9,,,
,,,,Lucy Yang,OPEN,,,18,6,,,
,,,,Lucy Yang,OPEN,,,18,6,,,
,,,,Lucy Yang,WAITLISTED,,,18,18,,,
,,,,Nancy Ruggeri,OPEN,,,16,14,,,
,,,,Sarah Sweger,OPEN,,,16,15,,,
,,,,Michael Payton,OPEN,,,30,20,,,
,,,,Leah Rineck,OPEN,,,16,8,,,
,,,,Leah Rineck,OPEN,,,16,9,,,
,,,,Leah Rineck,OPEN,,,16,3,,,
,,,,Leah Rineck,OPEN,,,16,7,,,
,,,,Leah Rineck,OPEN,,,16,1,,,
,,,,Leah Rineck,OPEN,,,16,6,,,
,,,,Leah Rineck,OPEN,,,16,14,,,
,,,,Leah Rineck,OPEN,,,16,5,,,
,,,,Leah Rineck,OPEN,,,16,11,,,
,,,,Leah Rineck,OPEN,,,16,4,,,
,,,,Leah Rineck,OPEN,,,16,5,,,
,,,,Leah Rineck,OPEN,,,16,2,,,
,,,,Leah Rineck,OPEN,,,16,10,,,
,,,,Leah Rineck,OPEN,,,16,5,,,
,,,,Leah Rineck,OPEN,,,16,11,,,
,,,,Leah Rineck,OPEN,,,16,14,,,
,,,,Leah Rineck,OPEN,,,16,14,,,
,,,,Leah Rineck,OPEN,,,16,9,,,
,,,,Leah Rineck,OPEN,,,16,1,,,
,,,,Leah Rineck,OPEN,,,16,8,,,
,,,,Leah Rineck,OPEN,,,16,6,,,
,,,,Leah Rineck,OPEN,,,16,3,,,
,,,,Leah Rineck,OPEN,,,16,9,,,
,,,,Leah Rineck,OPEN,,,16,8,,,
,,,,Leah Rineck,OPEN,,,16,5,,,
,,,,Leah Rineck,OPEN,,,16,3,,,
,,,,Leah Rineck,OPEN,,,16,1,,,
,,,,"Leah Rineck,Dane Mattila",WAITLISTED,,,16,22,,,
,,,,"Leah Rineck,Dane Mattila",OPEN,,,16,15,,,
,,,,"Leah Rineck,Dane Mattila",OPEN,,,18,13,,,
,,,,"Leah Rineck,Dane Mattila",WAITLISTED,,,16,18,,,
,,,,"Leah Rineck,Dane Mattila",OPEN,,,16,12,,,
,,,,"Leah Rineck,Dane Mattila",WAITLISTED,,,17,25,,,
,,,,"Leah Rineck,Dane Mattila",OPEN,,,16,7,,,
,,,,"Leah Rineck,Dane Mattila",OPEN,,,16,2,,,
,,,,"Leah Rineck,Dane Mattila",OPEN,,,16,13,,,
,,,,"Leah Rineck,Dane Mattila",OPEN,,,16,13,,,
,,,,"Leah Rineck,Dane Mattila",OPEN,,,16,12,,,
,,,,"Leah Rineck,Dane Mattila",OPEN,,,16,12,,,
,,,,"Leah Rineck,Dane Mattila",WAITLISTED,,,16,24,,,
,,,,"Leah Rineck,Dane Mattila",WAITLISTED,,,16,16,,,
,,,,"Leah Rineck,Dane Mattila",WAITLISTED,,,16,17,,,
,,,,"Leah Rineck,Dane Mattila",WAITLISTED,,,16,20,,,
,,,,"Leah Rineck,Dane Mattila",OPEN,,,16,4,,,
,,,,"Leah Rineck,Dane Mattila",WAITLISTED,,,16,20,,,
,,,,"Leah Rineck,Dane Mattila",WAITLISTED,,,16,18,,,
,,,,"Leah Rineck,Dane Mattila",OPEN,,,16,12,,,
,,,,"Leah Rineck,Dane Mattila",WAITLISTED,,,16,16,,,
,,,,"Leah Rineck,Dane Mattila",OPEN,,,16,7,,,
,,,,Ernesto Livorni,OPEN,,,42,16,,,
,,,,"Jonas Tijerino,Adam Schrager,Xiaohui Cao",WAITLISTED,,,120,134,,,
,,,,"Tanya Schlam,Allison Hugo",WAITLISTED,,,65,111,,,
,,,,Audrey Standish,OPEN,,,18,17,,,
,,,,Stephen Tabor,WAITLISTED,,,20,20,,,
,,,,Jessica Lanius,OPEN,,,20,18,,,
,,,,Jessica Lanius,OPEN,,,20,15,,,
,,,,"Carol Lee,Jeremiah Yahn,Seth Blair",WAITLISTED,,,24,20,,,
,,,,"Carol Lee,Jeremiah Yahn,Seth Blair",WAITLISTED,,,24,19,,,
,,,,"Carol Lee,Jeremiah Yahn,Seth Blair",WAITLISTED,,,24,22,,,
,,,,"Carol Lee,Jeremiah Yahn,Seth Blair",WAITLISTED,,,24,20,,,
,,,,"Carol Lee,Jeremiah Yahn,Seth Blair",WAITLISTED,,,24,17,,,
,,,,"Carol Lee,Jeremiah Yahn,Seth Blair",WAITLISTED,,,24,19,,,
,,,,"Carol Lee,Jeremiah Yahn,Seth Blair",WAITLISTED,,,24,20,,,
,,,,"Carol Lee,Jeremiah Yahn,Seth Blair",WAITLISTED,,,24,19,,,
,,,,"Carol Lee,Jeremiah Yahn,Seth Blair",CLOSED,,,24,19,,,
,,,,"Carol Lee,Jeremiah Yahn,Seth Blair",WAITLISTED,,,24,17,,,
,,,,"Carol Lee,Jeremiah Yahn,Seth Blair",CLOSED,,,24,18,,,
,,,,"Carol Lee,Jeremiah Yahn,Seth Blair",WAITLISTED,,,24,22,,,
,,,,"Carol Lee,Jeremiah Yahn,Seth Blair",WAITLISTED,,,24,21,,,
,,,,"Carol Lee,Jeremiah Yahn,Seth Blair",WAITLISTED,,,24,21,,,
,,,,"Carol Lee,Jeremiah Yahn,Seth Blair",WAITLISTED,,,24,16,,,
,,,,"Carol Lee,Jeremiah Yahn,Seth Blair",WAITLISTED,,,24,20,,,
,,,,"Carol Lee,Jeremiah Yahn,Seth Blair",WAITLISTED,,,24,21,,,
,,,,"Carol Lee,Jeremiah Yahn,Seth Blair",WAITLISTED,,,24,20,,,
,,,,"Carol Lee,Jeremiah Yahn,Seth Blair",WAITLISTED,,,24,22,,,
,,,,"Carol Lee,Jeremiah Yahn,Seth Blair",WAITLISTED,,,24,0,,,
,,,,"Carol Lee,Jeremiah Yahn,Seth Blair",WAITLISTED,,,24,0,,,
,,,,"Carol Lee,Jeremiah Yahn,Seth Blair",WAITLISTED,,,24,0,,,
,,,,"Carol Lee,Jeremiah Yahn,Seth Blair",WAITLISTED,,,24,0,,,
,,,,"Carol Lee,Jeremiah Yahn,Seth Blair",WAITLISTED,,,24,2,,,
,,,,"Carol Lee,Jeremiah Yahn,Seth Blair",WAITLISTED,,,24,2,,,
,,,,"Carol Lee,Jeremiah Yahn,Seth Blair",WAITLISTED,,,24,0,,,
,,,,"Carol Lee,Jeremiah Yahn,Seth Blair",WAITLISTED,,,24,0,,,
,,,,"Carol Lee,Jeremiah Yahn,Seth Blair",CLOSED,,,24,1,,,
,,,,"Carol Lee,Jeremiah Yahn,Seth Blair",WAITLISTED,,,24,0,,,
,,,,"Carol Lee,Jeremiah Yahn,Seth Blair",CLOSED,,,24,0,,,
,,,,"Carol Lee,Jeremiah Yahn,Seth Blair",WAITLISTED,,,24,0,,,
,,,,"Carol Lee,Jeremiah Yahn,Seth Blair",WAITLISTED,,,24,0,,,
,,,,"Carol Lee,Jeremiah Yahn,Seth Blair",WAITLISTED,,,24,0,,,
,,,,"Carol Lee,Jeremiah Yahn,Seth Blair",WAITLISTED,,,24,1,,,
,,,,"Carol Lee,Jeremiah Yahn,Seth Blair",WAITLISTED,,,24,0,,,
,,,,"Carol Lee,Jeremiah Yahn,Seth Blair",WAITLISTED,,,24,0,,,
,,,,"Carol Lee,Jeremiah Yahn,Seth Blair",WAITLISTED,,,24,0,,,
,,,,"Carol Lee,Jeremiah Yahn,Seth Blair",WAITLISTED,,,24,0,,,
,,,,Ryan Chester,OPEN,,,100,78,,,
,,,,Franklin Hobbs,OPEN,,,53,50,,,
,,,,Jamie Henke-Paustian,CLOSED,,,60,61,,,
,,,,Jamie Henke-Paustian,CLOSED,,,30,38,,,
,,,,"Carol Lee,Jeremiah Yahn,Seth Blair",WAITLISTED,,,24,5,,,
,,,,"Carol Lee,Jeremiah Yahn,Seth Blair",WAITLISTED,,,24,5,,,
,,,,"Carol Lee,Jeremiah Yahn,Seth Blair",WAITLISTED,,,24,2,,,
,,,,"Carol Lee,Jeremiah Yahn,Seth Blair",WAITLISTED,,,24,4,,,
,,,,"Carol Lee,Jeremiah Yahn,Seth Blair",WAITLISTED,,,24,5,,,
,,,,"Carol Lee,Jeremiah Yahn,Seth Blair",WAITLISTED,,,24,3,,,
,,,,"Carol Lee,Jeremiah Yahn,Seth Blair",WAITLISTED,,,24,4,,,
,,,,"Carol Lee,Jeremiah Yahn,Seth Blair",WAITLISTED,,,24,5,,,
,,,,"Carol Lee,Jeremiah Yahn,Seth Blair",CLOSED,,,24,3,,,
,,,,"Carol Lee,Jeremiah Yahn,Seth Blair",WAITLISTED,,,24,7,,,
,,,,"Carol Lee,Jeremiah Yahn,Seth Blair",CLOSED,,,24,5,,,
,,,,"Carol Lee,Jeremiah Yahn,Seth Blair",WAITLISTED,,,24,2,,,
,,,,"Carol Lee,Jeremiah Yahn,Seth Blair",WAITLISTED,,,24,2,,,
,,,,"Carol Lee,Jeremiah Yahn,Seth Blair",WAITLISTED,,,24,3,,,
,,,,"Carol Lee,Jeremiah Yahn,Seth Blair",WAITLISTED,,,24,4,,,
,,,,"Carol Lee,Jeremiah Yahn,Seth Blair",WAITLISTED,,,24,4,,,
,,,,"Carol Lee,Jeremiah Yahn,Seth Blair",WAITLISTED,,,24,3,,,
,,,,"Carol Lee,Jeremiah Yahn,Seth Blair",WAITLISTED,,,24,4,,,
,,,,"Carol Lee,Jeremiah Yahn,Seth Blair",WAITLISTED,,,24,2,,,
,,,,"Ellen Damschen,David Baum,Simon Gilroy",WAITLISTED,,,20,18,,,
,,,,"Ellen Damschen,David Baum,Simon Gilroy",WAITLISTED,,,20,14,,,
,,,,"Ellen Damschen,David Baum,Simon Gilroy",WAITLISTED,,,20,19,,,
,,,,"Ellen Damschen,David Baum,Simon Gilroy",WAITLISTED,,,24,18,,,
,,,,"Ellen Damschen,David Baum,Simon Gilroy",WAITLISTED,,,24,19,,,
,,,,"Ellen Damschen,David Baum,Simon Gilroy",WAITLISTED,,,24,16,,,
,,,,"Ellen Damschen,David Baum,Simon Gilroy",OPEN,,,24,20,,,
,,,,"Ellen Damschen,David Baum,Simon Gilroy",OPEN,,,24,17,,,
,,,,"Ellen Damschen,David Baum,Simon Gilroy",OPEN,,,24,13,,,
,,,,"Ellen Damschen,David Baum,Simon Gilroy",WAITLISTED,,,24,22,,,
,,,,"Ellen Damschen,David Baum,Simon Gilroy",WAITLISTED,,,24,18,,,
,,,,"Ellen Damschen,David Baum,Simon Gilroy",WAITLISTED,,,24,15,,,
,,,,"Ellen Damschen,David Baum,Simon Gilroy",WAITLISTED,,,24,17,,,
,,,,"Ellen Damschen,David Baum,Simon Gilroy",WAITLISTED,,,20,18,,,
,,,,"Ellen Damschen,David Baum,Simon Gilroy",WAITLISTED,,,24,21,,,
,,,,"Ellen Damschen,David Baum,Simon Gilroy",WAITLISTED,,,24,19,,,
,,,,"Ellen Damschen,David Baum,Simon Gilroy",WAITLISTED,,,24,21,,,
,,,,"Ellen Damschen,David Baum,Simon Gilroy",WAITLISTED,,,24,22,,,
,,,,"Ellen Damschen,David Baum,Simon Gilroy",OPEN,,,24,19,,,
,,,,"Ellen Damschen,David Baum,Simon Gilroy",WAITLISTED,,,24,19,,,
,,,,"Ellen Damschen,David Baum,Simon Gilroy",WAITLISTED,,,20,19,,,
,,,,"Ellen Damschen,David Baum,Simon Gilroy",WAITLISTED,,,24,20,,,
,,,,"Ellen Damschen,David Baum,Simon Gilroy",OPEN,,,24,18,,,
,,,,"Ellen Damschen,David Baum,Simon Gilroy",OPEN,,,24,17,,,
,,,,"Ellen Damschen,David Baum,Simon Gilroy",OPEN,,,24,16,,,
,,,,"Ellen Damschen,David Baum,Simon Gilroy",WAITLISTED,,,24,19,,,
,,,,"Ellen Damschen,David Baum,Simon Gilroy",WAITLISTED,,,24,15,,,
,,,,"Ellen Damschen,David Baum,Simon Gilroy",WAITLISTED,,,20,17,,,
,,,,"Ellen Damschen,David Baum,Simon Gilroy",WAITLISTED,,,20,15,,,
,,,,"Ellen Damschen,David Baum,Simon Gilroy",WAITLISTED,,,20,16,,,
,,,,"Ellen Damschen,David Baum,Simon Gilroy",WAITLISTED,,,20,19,,,
,,,,"Ellen Damschen,David Baum,Simon Gilroy",OPEN,,,24,18,,,
,,,,"Ellen Damschen,David Baum,Simon Gilroy",WAITLISTED,,,24,22,,,
,,,,"Ellen Damschen,David Baum,Simon Gilroy",OPEN,,,24,20,,,
,,,,"Ellen Damschen,David Baum,Simon Gilroy",WAITLISTED,,,24,18,,,
,,,,"Ellen Damschen,David Baum,Simon Gilroy",WAITLISTED,,,24,23,,,
,,,,"Ellen Damschen,David Baum,Simon Gilroy",OPEN,,,24,20,,,
,,,,"Ellen Damschen,David Baum,Simon Gilroy",WAITLISTED,,,24,19,,,
,,,,"Ellen Damschen,David Baum,Simon Gilroy",WAITLISTED,,,24,18,,,
,,,,"Ellen Damschen,David Baum,Simon Gilroy",WAITLISTED,,,20,14,,,
,,,,"Ellen Damschen,David Baum,Simon Gilroy",OPEN,,,24,20,,,
,,,,"Ellen Damschen,David Baum,Simon Gilroy",OPEN,,,24,23,,,
,,,,"Ellen Damschen,David Baum,Simon Gilroy",OPEN,,,24,17,,,
,,,,"Ellen Damschen,David Baum,Simon Gilroy",OPEN,,,24,18,,,
,,,,"Ellen Damschen,David Baum,Simon Gilroy",OPEN,,,24,16,,,
,,,,"Ellen Damschen,David Baum,Simon Gilroy",WAITLISTED,,,24,18,,,
,,,,"Ellen Damschen,David Baum,Simon Gilroy",WAITLISTED,,,24,19,,,
,,,,"Ellen Damschen,David Baum,Simon Gilroy",WAITLISTED,,,24,17,,,
,,,,"Ellen Damschen,David Baum,Simon Gilroy",WAITLISTED,,,24,19,,,
,,,,"Ellen Damschen,David Baum,Simon Gilroy",WAITLISTED,,,24,18,,,
,,,,"Ellen Damschen,David Baum,Simon Gilroy",WAITLISTED,,,24,18,,,
,,,,"Ellen Damschen,David Baum,Simon Gilroy",WAITLISTED,,,20,0,,,
,,,,"Ellen Damschen,David Baum,Simon Gilroy",WAITLISTED,,,20,0,,,
,,,,"Ellen Damschen,David Baum,Simon Gilroy",WAITLISTED,,,20,0,,,
,,,,"Ellen Damschen,David Baum,Simon Gilroy",WAITLISTED,,,24,0,,,
,,,,"Ellen Damschen,David Baum,Simon Gilroy",WAITLISTED,,,24,0,,,
,,,,"Ellen Damschen,David Baum,Simon Gilroy",WAITLISTED,,,24,0,,,
,,,,"Ellen Damschen,David Baum,Simon Gilroy",OPEN,,,24,0,,,
,,,,"Ellen Damschen,David Baum,Simon Gilroy",OPEN,,,24,0,,,
,,,,"Ellen Damschen,David Baum,Simon Gilroy",OPEN,,,24,0,,,
,,,,"Ellen Damschen,David Baum,Simon Gilroy",WAITLISTED,,,24,0,,,
,,,,"Ellen Damschen,David Baum,Simon Gilroy",WAITLISTED,,,24,0,,,
,,,,"Ellen Damschen,David Baum,Simon Gilroy",WAITLISTED,,,24,0,,,
,,,,"Ellen Damschen,David Baum,Simon Gilroy",WAITLISTED,,,24,0,,,
,,,,"Ellen Damschen,David Baum,Simon Gilroy",WAITLISTED,,,20,0,,,
,,,,"Ellen Damschen,David Baum,Simon Gilroy",WAITLISTED,,,24,0,,,
,,,,"Ellen Damschen,David Baum,Simon Gilroy",WAITLISTED,,,24,0,,,
,,,,"Ellen Damschen,David Baum,Simon Gilroy",WAITLISTED,,,24,0,,,
,,,,"Ellen Damschen,David Baum,Simon Gilroy",WAITLISTED,,,24,0,,,
,,,,"Ellen Damschen,David Baum,Simon Gilroy",OPEN,,,24,0,,,
,,,,"Ellen Damschen,David Baum,Simon Gilroy",WAITLISTED,,,24,0,,,
,,,,"Ellen Damschen,David Baum,Simon Gilroy",WAITLISTED,,,20,0,,,
,,,,"Ellen Damschen,David Baum,Simon Gilroy",WAITLISTED,,,24,0,,,
,,,,"Ellen Damschen,David Baum,Simon Gilroy",OPEN,,,24,0,,,
,,,,"Ellen Damschen,David Baum,Simon Gilroy",OPEN,,,24,0,,,
,,,,"Ellen Damschen,David Baum,Simon Gilroy",OPEN,,,24,0,,,
,,,,"Ellen Damschen,David Baum,Simon Gilroy",WAITLISTED,,,24,0,,,
,,,,"Ellen Damschen,David Baum,Simon Gilroy",WAITLISTED,,,24,0,,,
,,,,"Simon Gilroy,Ellen Damschen,David Baum",WAITLISTED,,,20,0,,,
,,,,"Simon Gilroy,Ellen Damschen,David Baum",WAITLISTED,,,20,0,,,
,,,,"Simon Gilroy,Ellen Damschen,David Baum",WAITLISTED,,,20,0,,,
,,,,"Simon Gilroy,Ellen Damschen,David Baum",WAITLISTED,,,20,0,,,
,,,,"Simon Gilroy,Ellen Damschen,David Baum",OPEN,,,24,0,,,
,,,,"Simon Gilroy,Ellen Damschen,David Baum",WAITLISTED,,,24,0,,,
,,,,"Simon Gilroy,Ellen Damschen,David Baum",OPEN,,,24,0,,,
,,,,"Simon Gilroy,Ellen Damschen,David Baum",WAITLISTED,,,24,0,,,
,,,,"Simon Gilroy,Ellen Damschen,David Baum",WAITLISTED,,,24,0,,,
,,,,"Simon Gilroy,Ellen Damschen,David Baum",OPEN,,,24,1,,,
,,,,"Simon Gilroy,Ellen Damschen,David Baum",WAITLISTED,,,24,0,,,
,,,,"Simon Gilroy,Ellen Damschen,David Baum",WAITLISTED,,,24,0,,,
,,,,"Simon Gilroy,Ellen Damschen,David Baum",WAITLISTED,,,20,1,,,
,,,,"Simon Gilroy,Ellen Damschen,David Baum",OPEN,,,24,0,,,
,,,,"Simon Gilroy,Ellen Damschen,David Baum",OPEN,,,24,0,,,
,,,,"Simon Gilroy,Ellen Damschen,David Baum",OPEN,,,24,0,,,
,,,,"Simon Gilroy,Ellen Damschen,David Baum",OPEN,,,24,0,,,
,,,,"Simon Gilroy,Ellen Damschen,David Baum",OPEN,,,24,0,,,
,,,,"Simon Gilroy,Ellen Damschen,David Baum",WAITLISTED,,,24,1,,,
,,,,"Simon Gilroy,Ellen Damschen,David Baum",WAITLISTED,,,24,0,,,
,,,,"Simon Gilroy,Ellen Damschen,David Baum",WAITLISTED,,,24,1,,,
,,,,"Simon Gilroy,Ellen Damschen,David Baum",WAITLISTED,,,24,0,,,
,,,,"Simon Gilroy,Ellen Damschen,David Baum",WAITLISTED,,,24,0,,,
,,,,"Simon Gilroy,Ellen Damschen,David Baum",WAITLISTED,,,24,0,,,
,,,,Allison Useche,WAITLISTED,,,18,1,,,
,,,,Allison Useche,WAITLISTED,,,18,1,,,
,,,,Allison Useche,WAITLISTED,,,18,2,,,
,,,,Allison Useche,OPEN,,,18,5,,,
,,,,Nikole Bouchard,OPEN,,,50,6,,,
,,,,Zj Pan,CLOSED,,,15,16,,,
,,,,Zj Pan,CLOSED,,,16,16,,,
,,,,Allison Useche,WAITLISTED,,,18,17,,,
,,,,Allison Useche,WAITLISTED,,,18,17,,,
,,,,Allison Useche,WAITLISTED,,,18,16,,,
,,,,Allison Useche,OPEN,,,18,12,,,
,,,,"Ellen Damschen,David Baum,Simon Gilroy",WAITLISTED,,,20,2,,,
,,,,"Ellen Damschen,David Baum,Simon Gilroy",WAITLISTED,,,20,6,,,
,,,,"Ellen Damschen,David Baum,Simon Gilroy",WAITLISTED,,,20,1,,,
,,,,"Ellen Damschen,David Baum,Simon Gilroy",WAITLISTED,,,24,6,,,
,,,,"Ellen Damschen,David Baum,Simon Gilroy",WAITLISTED,,,24,5,,,
,,,,"Ellen Damschen,David Baum,Simon Gilroy",WAITLISTED,,,24,8,,,
,,,,"Ellen Damschen,David Baum,Simon Gilroy",OPEN,,,24,2,,,
,,,,"Ellen Damschen,David Baum,Simon Gilroy",OPEN,,,24,3,,,
,,,,"Ellen Damschen,David Baum,Simon Gilroy",OPEN,,,24,10,,,
,,,,"Ellen Damschen,David Baum,Simon Gilroy",WAITLISTED,,,24,2,,,
,,,,"Ellen Damschen,David Baum,Simon Gilroy",WAITLISTED,,,24,6,,,
,,,,"Ellen Damschen,David Baum,Simon Gilroy",WAITLISTED,,,24,9,,,
,,,,"Ellen Damschen,David Baum,Simon Gilroy",WAITLISTED,,,24,7,,,
,,,,"Ellen Damschen,David Baum,Simon Gilroy",WAITLISTED,,,20,2,,,
,,,,"Ellen Damschen,David Baum,Simon Gilroy",WAITLISTED,,,24,3,,,
,,,,"Ellen Damschen,David Baum,Simon Gilroy",WAITLISTED,,,24,5,,,
,,,,"Ellen Damschen,David Baum,Simon Gilroy",WAITLISTED,,,24,3,,,
,,,,"Ellen Damschen,David Baum,Simon Gilroy",WAITLISTED,,,24,2,,,
,,,,"Ellen Damschen,David Baum,Simon Gilroy",OPEN,,,24,4,,,
,,,,"Ellen Damschen,David Baum,Simon Gilroy",WAITLISTED,,,24,5,,,
,,,,"Ellen Damschen,David Baum,Simon Gilroy",WAITLISTED,,,20,1,,,
,,,,"Ellen Damschen,David Baum,Simon Gilroy",WAITLISTED,,,24,4,,,
,,,,"Ellen Damschen,David Baum,Simon Gilroy",OPEN,,,24,5,,,
,,,,"Ellen Damschen,David Baum,Simon Gilroy",OPEN,,,24,6,,,
,,,,"Ellen Damschen,David Baum,Simon Gilroy",OPEN,,,24,7,,,
,,,,"Ellen Damschen,David Baum,Simon Gilroy",WAITLISTED,,,24,5,,,
,,,,"Ellen Damschen,David Baum,Simon Gilroy",WAITLISTED,,,24,9,,,
,,,,"Ellen Damschen,David Baum,Simon Gilroy",WAITLISTED,,,20,3,,,
,,,,"Ellen Damschen,David Baum,Simon Gilroy",WAITLISTED,,,20,5,,,
,,,,"Ellen Damschen,David Baum,Simon Gilroy",WAITLISTED,,,20,4,,,
,,,,"Ellen Damschen,David Baum,Simon Gilroy",WAITLISTED,,,20,1,,,
,,,,"Ellen Damschen,David Baum,Simon Gilroy",OPEN,,,24,5,,,
,,,,"Ellen Damschen,David Baum,Simon Gilroy",WAITLISTED,,,24,2,,,
,,,,"Ellen Damschen,David Baum,Simon Gilroy",OPEN,,,24,3,,,
,,,,"Ellen Damschen,David Baum,Simon Gilroy",WAITLISTED,,,24,6,,,
,,,,"Ellen Damschen,David Baum,Simon Gilroy",WAITLISTED,,,24,1,,,
,,,,"Ellen Damschen,David Baum,Simon Gilroy",OPEN,,,24,2,,,
,,,,"Ellen Damschen,David Baum,Simon Gilroy",WAITLISTED,,,24,5,,,
,,,,"Ellen Damschen,David Baum,Simon Gilroy",WAITLISTED,,,24,6,,,
,,,,"Ellen Damschen,David Baum,Simon Gilroy",WAITLISTED,,,20,5,,,
,,,,"Ellen Damschen,David Baum,Simon Gilroy",OPEN,,,24,3,,,
,,,,"Ellen Damschen,David Baum,Simon Gilroy",OPEN,,,24,0,,,
,,,,"Ellen Damschen,David Baum,Simon Gilroy",OPEN,,,24,6,,,
,,,,"Ellen Damschen,David Baum,Simon Gilroy",OPEN,,,24,5,,,
,,,,"Ellen Damschen,David Baum,Simon Gilroy",OPEN,,,24,7,,,
,,,,"Ellen Damschen,David Baum,Simon Gilroy",WAITLISTED,,,24,5,,,
,,,,"Ellen Damschen,David Baum,Simon Gilroy",WAITLISTED,,,24,5,,,
,,,,"Ellen Damschen,David Baum,Simon Gilroy",WAITLISTED,,,24,6,,,
,,,,"Ellen Damschen,David Baum,Simon Gilroy",WAITLISTED,,,24,5,,,
,,,,"Ellen Damschen,David Baum,Simon Gilroy",WAITLISTED,,,24,6,,,
,,,,"Ellen Damschen,David Baum,Simon Gilroy",WAITLISTED,,,24,6,,,
,,,,Mitch Frank,CLOSED,,,16,16,,,
,,,,"Nabiha Mansoor,Sarah Ensor",OPEN,,,60,47,,,
,,,,Heather Swan,CLOSED,,,19,17,,,
,,,,Heather Swan,CLOSED,,,19,16,,,
,,,,Heather Swan,CLOSED,,,19,19,,,
,,,,Heather Swan,CLOSED,,,19,19,,,
,,,,Heather Swan,CLOSED,,,19,19,,,
,,,,Heather Swan,OPEN,,,19,14,,,
,,,,Heather Swan,CLOSED,,,19,14,,,
,,,,Heather Swan,CLOSED,,,19,17,,,
,,,,Heather Swan,CLOSED,,,19,14,,,
,,,,Heather Swan,CLOSED,,,19,16,,,
,,,,Heather Swan,CLOSED,,,19,17,,,
,,,,Heather Swan,OPEN,,,19,15,,,
,,,,Heather Swan,OPEN,,,19,16,,,
,,,,Heather Swan,CLOSED,,,19,19,,,
,,,,Heather Swan,CLOSED,,,19,19,,,
,,,,Heather Swan,CLOSED,,,19,19,,,
,,,,Heather Swan,CLOSED,,,19,15,,,
,,,,"Nabiha Mansoor,Sarah Ensor",OPEN,,,60,47,,,
,,,,Heather Swan,CLOSED,,,19,17,,,
,,,,Heather Swan,CLOSED,,,19,16,,,
,,,,Heather Swan,CLOSED,,,19,19,,,
,,,,Heather Swan,CLOSED,,,19,19,,,
,,,,Heather Swan,CLOSED,,,19,19,,,
,,,,Heather Swan,OPEN,,,19,14,,,
,,,,Heather Swan,CLOSED,,,19,14,,,
,,,,Heather Swan,CLOSED,,,19,17,,,
,,,,Heather Swan,CLOSED,,,19,14,,,
,,,,Heather Swan,CLOSED,,,19,16,,,
,,,,Heather Swan,CLOSED,,,19,17,,,
,,,,Heather Swan,OPEN,,,19,15,,,
,,,,Heather Swan,OPEN,,,19,16,,,
,,,,Heather Swan,CLOSED,,,19,19,,,
,,,,Heather Swan,CLOSED,,,19,19,,,
,,,,Heather Swan,CLOSED,,,19,19,,,
,,,,Heather Swan,CLOSED,,,19,15,,,
,,,,"Nabiha Mansoor,Sarah Ensor",OPEN,,,60,12,,,
,,,,Heather Swan,CLOSED,,,14,2,,,
,,,,Heather Swan,CLOSED,,,14,3,,,
,,,,Heather Swan,CLOSED,,,209,35,,,
,,,,Heather Swan,CLOSED,,,209,35,,,
,,,,Heather Swan,CLOSED,,,19,0,,,
,,,,Heather Swan,OPEN,,,19,4,,,
,,,,Heather Swan,CLOSED,,,19,5,,,
,,,,Heather Swan,CLOSED,,,19,2,,,
,,,,Heather Swan,CLOSED,,,19,5,,,
,,,,Heather Swan,CLOSED,,,19,3,,,
,,,,Heather Swan,CLOSED,,,19,2,,,
,,,,Heather Swan,OPEN,,,19,3,,,
,,,,Heather Swan,OPEN,,,19,2,,,
,,,,Heather Swan,CLOSED,,,209,35,,,
,,,,Heather Swan,CLOSED,,,209,35,,,
,,,,Heather Swan,CLOSED,,,209,35,,,
,,,,Heather Swan,CLOSED,,,19,4,,,
,,,,"Nabiha Mansoor,Sarah Ensor",OPEN,,,60,12,,,
,,,,Heather Swan,CLOSED,,,14,2,,,
,,,,Heather Swan,CLOSED,,,14,3,,,
,,,,Heather Swan,CLOSED,,,209,35,,,
,,,,Heather Swan,CLOSED,,,209,35,,,
,,,,Heather Swan,CLOSED,,,19,0,,,
,,,,Heather Swan,OPEN,,,19,4,,,
,,,,Heather Swan,CLOSED,,,19,5,,,
,,,,Heather Swan,CLOSED,,,19,2,,,
,,,,Heather Swan,CLOSED,,,19,5,,,
,,,,Heather Swan,CLOSED,,,19,3,,,
,,,,Heather Swan,CLOSED,,,19,2,,,
,,,,Heather Swan,OPEN,,,19,3,,,
,,,,Heather Swan,OPEN,,,19,2,,,
,,,,Heather Swan,CLOSED,,,209,35,,,
,,,,Heather Swan,CLOSED,,,209,35,,,
,,,,Heather Swan,CLOSED,,,209,35,,,
,,,,Heather Swan,CLOSED,,,19,4,,,
,,,,"Carol Lee,Jeremiah Yahn,Seth Blair",WAITLISTED,,,24,24,,,
,,,,"Carol Lee,Jeremiah Yahn,Seth Blair",WAITLISTED,,,24,24,,,
,,,,Alexander Shashko,WAITLISTED,,,25,25,,,
,,,,Alexander Shashko,CLOSED,,,25,23,,,
,,,,Alexander Shashko,CLOSED,,,25,24,,,
,,,,Alexander Shashko,CLOSED,,,25,24,,,
,,,,Alexander Shashko,CLOSED,,,25,24,,,
,,,,Alexander Shashko,WAITLISTED,,,25,25,,,
,,,,Alexander Shashko,WAITLISTED,,,25,25,,,
,,,,Alexander Shashko,WAITLISTED,,,25,32,,,
,,,,Joshua Pultorak,OPEN,,,24,23,,,
,,,,Joshua Pultorak,OPEN,,,24,23,,,
,,,,Joshua Pultorak,OPEN,,,24,0,,,
,,,,Joshua Pultorak,OPEN,,,24,0,,,
,,,,Adrienne Economos-Miller,OPEN,,,50,49,,,
,,,,Haley Madden,OPEN,,,30,28,,,
,,,,Olivia Riley,OPEN,,,16,11,,,
,,,,Olivia Riley,CLOSED,,,16,16,,,
,,,,Olivia Riley,OPEN,,,16,11,,,
,,,,Olivia Riley,OPEN,,,16,11,,,
,,,,Olivia Riley,OPEN,,,16,9,,,
,,,,Aparna Dharwadker,OPEN,,,30,29,,,
,,,,Aparna Dharwadker,OPEN,,,30,29,,,
,,,,Simon Balto,WAITLISTED,,,40,45,,,
,,,,Liza Chang,OPEN,,,48,15,,,
,,,,Alexander Shashko,OPEN,,,25,24,,,
,,,,Alexander Shashko,WAITLISTED,,,25,25,,,
,,,,Alexander Shashko,OPEN,,,25,12,,,
,,,,Alexander Shashko,WAITLISTED,,,25,25,,,
,,,,Alexander Shashko,WAITLISTED,,,25,25,,,
,,,,Alexander Shashko,OPEN,,,25,24,,,
,,,,Alexander Shashko,WAITLISTED,,,25,25,,,
,,,,Alexander Shashko,WAITLISTED,,,25,25,,,
,,,,Alexander Shashko,OPEN,,,25,24,,,
,,,,Alexander Shashko,WAITLISTED,,,25,25,,,
,,,,Alexander Shashko,WAITLISTED,,,25,25,,,
,,,,Alexander Shashko,WAITLISTED,,,25,26,,,
,,,,"Absar Afzal Majeedi,JT Striebel",OPEN,,,24,23,,,
,,,,"Absar Afzal Majeedi,JT Striebel",WAITLISTED,,,32,32,,,
,,,,"Absar Afzal Majeedi,JT Striebel",OPEN,,,32,31,,,
,,,,"Eric Roden,Michael Maseda,Annie Bauer",OPEN,,,70,32,,,
,,,,"Eric Roden,Michael Maseda,Annie Bauer",OPEN,,,200,37,,,
,,,,Daniel Williford,OPEN,,,45,15,,,
,,,,Daniel Kapust,CLOSED,,,173,165,,,
,,,,Daniel Kapust,OPEN,,,17,14,,,
,,,,Daniel Kapust,WAITLISTED,,,17,17,,,
,,,,Daniel Kapust,WAITLISTED,,,17,17,,,
,,,,Daniel Kapust,WAITLISTED,,,17,17,,,
,,,,Daniel Kapust,OPEN,,,17,15,,,
,,,,Daniel Kapust,WAITLISTED,,,17,17,,,
,,,,Daniel Kapust,OPEN,,,17,15,,,
,,,,Daniel Kapust,OPEN,,,17,15,,,
,,,,Daniel Kapust,OPEN,,,17,16,,,
,,,,Daniel Kapust,WAITLISTED,,,17,21,,,
,,,,"Ryan Bertelson,Rebekah Jacobs,Rob Wagner,Jahana Azodi",OPEN,,,30,19,,,
,,,,Cindy Cheng,CLOSED,,,58,39,,,
,,,,Cindy Cheng,OPEN,,,18,14,,,
,,,,Cindy Cheng,WAITLISTED,,,18,14,,,
,,,,Cindy Cheng,OPEN,,,18,11,,,
,,,,Cindy Cheng,CLOSED,,,58,17,,,
,,,,Cindy Cheng,OPEN,,,18,3,,,
,,,,Cindy Cheng,WAITLISTED,,,18,4,,,
,,,,Cindy Cheng,OPEN,,,18,6,,,
,,,,"Aman Abhishek,Ji Soo Choi",OPEN,,,110,100,,,
,,,,Daniel Berman,CLOSED,,,25,25,,,
,,,,Lindsay Palmer,OPEN,,,55,49,,,
,,,,Natalia Hildner,OPEN,,,30,23,,,
,,,,Marjorie Rhine,OPEN,,,30,29,,,
,,,,Marjorie Rhine,OPEN,,,30,29,,,
,,,,Lauren Gerlowski,OPEN,,,25,23,,,
,,,,Lauren Gerlowski,OPEN,,,25,17,,,
,,,,Lauren Gerlowski,WAITLISTED,,,25,25,,,
,,,,Lauren Gerlowski,WAITLISTED,,,25,25,,,
,,,,"Mary Trotter,Gloria Pham",OPEN,,,50,48,,,
,,,,"Mary Trotter,Gloria Pham",OPEN,,,50,48,,,
,,,,Sean Bishop,OPEN,,,30,29,,,
,,,,Anja Jovic-Humphrey,CLOSED,,,19,20,,,
,,,,Anja Jovic-Humphrey,OPEN,,,19,18,,,
,,,,Anja Jovic-Humphrey,OPEN,,,19,18,,,
,,,,Anja Jovic-Humphrey,CLOSED,,,19,19,,,
,,,,Anja Jovic-Humphrey,OPEN,,,19,18,,,
,,,,Anja Jovic-Humphrey,CLOSED,,,19,19,,,
,,,,Anja Jovic-Humphrey,CLOSED,,,19,19,,,
,,,,Anja Jovic-Humphrey,CLOSED,,,19,19,,,
,,,,Anja Jovic-Humphrey,CLOSED,,,19,19,,,
,,,,Anja Jovic-Humphrey,OPEN,,,19,18,,,
,,,,Anja Jovic-Humphrey,OPEN,,,19,18,,,
,,,,Anja Jovic-Humphrey,OPEN,,,19,18,,,
,,,,Anja Jovic-Humphrey,CLOSED,,,19,19,,,
,,,,Anja Jovic-Humphrey,CLOSED,,,19,20,,,
,,,,Anja Jovic-Humphrey,OPEN,,,19,18,,,
,,,,Anja Jovic-Humphrey,OPEN,,,19,18,,,
,,,,Anja Jovic-Humphrey,CLOSED,,,19,19,,,
,,,,Anja Jovic-Humphrey,OPEN,,,19,18,,,
,,,,Anja Jovic-Humphrey,CLOSED,,,19,19,,,
,,,,Anja Jovic-Humphrey,CLOSED,,,19,19,,,
,,,,Anja Jovic-Humphrey,CLOSED,,,19,19,,,
,,,,Anja Jovic-Humphrey,CLOSED,,,19,19,,,
,,,,Anja Jovic-Humphrey,OPEN,,,19,18,,,
,,,,Anja Jovic-Humphrey,OPEN,,,19,18,,,
,,,,Anja Jovic-Humphrey,OPEN,,,19,18,,,
,,,,Anja Jovic-Humphrey,CLOSED,,,19,19,,,
,,,,Sean Bishop,OPEN,,,30,29,,,
,,,,"Nicholas Stone,Mohan Richter-Addo",OPEN,,,100,62,,,
,,,,Qunying Huang,WAITLISTED,,,450,457,,,
,,,,Tracy Puccinelli,CLOSED,,,22,22,,,
,,,,Tracy Puccinelli,CLOSED,,,25,25,,,
,,,,Tracy Puccinelli,OPEN,,,25,24,,,
,,,,Tracy Puccinelli,CLOSED,,,25,25,,,
,,,,Tracy Puccinelli,OPEN,,,25,23,,,
,,,,Tracy Puccinelli,OPEN,,,25,23,,,
,,,,Tracy Puccinelli,CLOSED,,,25,25,,,
,,,,Tracy Puccinelli,CLOSED,,,25,25,,,
,,,,Nicholas Mark,OPEN,,,25,22,,,
,,,,Nicholas Mark,OPEN,,,25,24,,,
,,,,Nicholas Mark,OPEN,,,25,23,,,
,,,,Nicholas Mark,WAITLISTED,,,24,24,,,
,,,,Nicholas Mark,OPEN,,,25,24,,,
,,,,Nicholas Mark,WAITLISTED,,,25,25,,,
,,,,Nicholas Mark,WAITLISTED,,,25,26,,,
,,,,Nicholas Mark,WAITLISTED,,,25,25,,,
,,,,"Matthew Hitchman,Yingshun Sun",OPEN,,,40,28,,,
,,,,"Matthew Hitchman,Yingshun Sun",OPEN,,,40,9,,,
,,,,Dante Fratta,OPEN,,,20,10,,,
,,,,Lena Remy-Kovach,OPEN,,,42,23,,,
,,,,Lena Remy-Kovach,OPEN,,,40,14,,,
,,,,"Timothy Mullins,Ruka Shironishi",OPEN,,,12,10,,,
,,,,"Timothy Mullins,Ruka Shironishi",OPEN,,,12,9,,,
,,,,"Payam Pahlevanian,Ruka Shironishi",OPEN,,,11,9,,,
,,,,"Payam Pahlevanian,Ruka Shironishi",OPEN,,,11,10,,,
,,,,"Nick Laham,Ruka Shironishi",OPEN,,,11,8,,,
,,,,"Nick Laham,Ruka Shironishi",OPEN,,,12,8,,,
,,,,Sarah Wood,CLOSED,,,0,18,,,
,,,,Sarah Wood,CLOSED,,,30,30,,,
,,,,Sarah Wood,CLOSED,,,0,18,,,
,,,,"Nate Marshall,PIYABOOT Sumonsriworakun",OPEN,,,40,37,,,
,,,,Sarah Wood,CLOSED,,,30,30,,,
,,,,"Nate Marshall,PIYABOOT Sumonsriworakun",OPEN,,,40,37,,,
,,,,Kirk Sides,CLOSED,,,30,30,,,
,,,,Jen Plants,CLOSED,,,30,30,,,
,,,,Kirk Sides,CLOSED,,,30,30,,,
,,,,Jen Plants,CLOSED,,,30,30,,,
,,,,Polina Levchenko,CLOSED,,,74,75,,,
,,,,Polina Levchenko,CLOSED,,,75,75,,,
,,,,Lindsay Peters,OPEN,,,200,198,,,
,,,,Linda Francetic Lepe,CLOSED,,,200,201,,,
,,,,Joseph Bowling,CLOSED,,,30,30,,,
,,,,Joseph Bowling,CLOSED,,,30,30,,,
,,,,Maddy Kroot,OPEN,,,35,33,,,
,,,,Maddy Kroot,OPEN,,,35,33,,,
,,,,"Aurelie Rakotondrafara,Briana Burton",OPEN,,,45,23,,,
,,,,Kajsa Dalrymple,OPEN,,,95,80,,,
,,,,Jami Balicki,OPEN,,,14,11,,,
,,,,Mariah Moneda,OPEN,,,14,10,,,
,,,,Dani Hughes,WAITLISTED,,,14,14,,,
,,,,Dani Hughes,OPEN,,,14,11,,,
,,,,Jami Balicki,OPEN,,,14,12,,,
,,,,Mariah Moneda,OPEN,,,14,11,,,
,,,,Sarah Wells,OPEN,,,30,29,,,
,,,,Kathryn McGarr,OPEN,,,25,11,,,
,,,,Kathryn McGarr,OPEN,,,25,11,,,
,,,,Teja Upadhyaya,OPEN,,,25,14,,,
,,,,Oscar Useche,OPEN,,,30,28,,,
,,,,Oscar Useche,OPEN,,,30,28,,,
,,,,Martin Foys,OPEN,,,19,9,,,
,,,,Martin Foys,CLOSED,,,171,110,,,
,,,,Martin Foys,OPEN,,,19,7,,,
,,,,Martin Foys,OPEN,,,19,10,,,
,,,,Martin Foys,OPEN,,,19,18,,,
,,,,Martin Foys,OPEN,,,19,18,,,
,,,,Martin Foys,OPEN,,,19,10,,,
,,,,Martin Foys,OPEN,,,19,13,,,
,,,,Martin Foys,OPEN,,,19,8,,,
,,,,Martin Foys,OPEN,,,19,11,,,
,,,,Martin Foys,OPEN,,,19,9,,,
,,,,Martin Foys,CLOSED,,,171,110,,,
,,,,Martin Foys,OPEN,,,19,7,,,
,,,,Martin Foys,OPEN,,,19,10,,,
,,,,Martin Foys,OPEN,,,19,18,,,
,,,,Martin Foys,OPEN,,,19,18,,,
,,,,Martin Foys,OPEN,,,19,10,,,
,,,,Martin Foys,OPEN,,,19,13,,,
,,,,Martin Foys,OPEN,,,19,8,,,
,,,,Martin Foys,OPEN,,,19,11,,,
,,,,Oscar Useche,OPEN,,,30,28,,,
,,,,Oscar Useche,OPEN,,,30,28,,,
,,,,Ainehi Edoro,OPEN,,,19,18,,,
,,,,Ainehi Edoro,CLOSED,,,19,19,,,
,,,,Ainehi Edoro,CLOSED,,,18,18,,,
,,,,Ainehi Edoro,CLOSED,,,19,19,,,
,,,,Ainehi Edoro,CLOSED,,,19,19,,,
,,,,Ainehi Edoro,CLOSED,,,19,19,,,
,,,,Ainehi Edoro,CLOSED,,,19,19,,,
,,,,Ainehi Edoro,CLOSED,,,18,18,,,
,,,,Ainehi Edoro,CLOSED,,,19,20,,,
,,,,Ainehi Edoro,CLOSED,,,18,18,,,
,,,,Ainehi Edoro,CLOSED,,,19,19,,,
,,,,Ainehi Edoro,CLOSED,,,19,19,,,
,,,,Ainehi Edoro,CLOSED,,,19,19,,,
,,,,Ainehi Edoro,CLOSED,,,19,19,,,
,,,,Ainehi Edoro,CLOSED,,,19,19,,,
,,,,Ainehi Edoro,CLOSED,,,19,19,,,
,,,,Ainehi Edoro,OPEN,,,19,18,,,
,,,,Ainehi Edoro,CLOSED,,,19,19,,,
,,,,Ainehi Edoro,CLOSED,,,18,18,,,
,,,,Ainehi Edoro,CLOSED,,,19,19,,,
,,,,Ainehi Edoro,CLOSED,,,19,19,,,
,,,,Ainehi Edoro,CLOSED,,,19,19,,,
,,,,Ainehi Edoro,CLOSED,,,19,19,,,
,,,,Ainehi Edoro,CLOSED,,,18,18,,,
,,,,Ainehi Edoro,CLOSED,,,19,20,,,
,,,,Ainehi Edoro,CLOSED,,,18,18,,,
,,,,Ainehi Edoro,CLOSED,,,19,19,,,
,,,,Ainehi Edoro,CLOSED,,,19,19,,,
,,,,Ainehi Edoro,CLOSED,,,19,19,,,
,,,,Ainehi Edoro,CLOSED,,,19,19,,,
,,,,Ainehi Edoro,CLOSED,,,19,19,,,
,,,,Ainehi Edoro,CLOSED,,,19,19,,,
,,,,Iman Sheydaei,CLOSED,,,0,26,,,
,,,,Frankie Frank,WAITLISTED,,,20,20,,,
,,,,Ingrid Diran,CLOSED,,,20,20,,,
,,,,Kristina Huang,OPEN,,,20,15,,,
,,,,Ingrid Diran,CLOSED,,,20,20,,,
,,,,Kristina Huang,OPEN,,,20,15,,,
,,,,Susan Dominguez,OPEN,,,40,39,,,
,,,,Hannah Silber,OPEN,,,162,157,,,
,,,,Peter Rich,OPEN,,,25,7,,,
,,,,Peter Rich,OPEN,,,25,11,,,
,,,,Peter Rich,OPEN,,,25,7,,,
,,,,Peter Rich,OPEN,,,25,11,,,
,,,,Juliette Becker,CLOSED,,,0,1,,,
,,,,Melinda Soares,CLOSED,,,0,1,,,
,,,,Snezana Stanimirovic,CLOSED,,,1,1,,,
,,,,Benjamin Spike,CLOSED,,,0,1,,,
,,,,Ron Kean,OPEN,,,150,142,,,
,,,,Snezana Stanimirovic,OPEN,,,100,54,,,
,,,,Ailea Merriam-Pigg,CLOSED,,,20,20,,,
,,,,Ailea Merriam-Pigg,OPEN,,,20,19,,,
,,,,Ailea Merriam-Pigg,CLOSED,,,20,20,,,
,,,,Ailea Merriam-Pigg,CLOSED,,,20,20,,,
,,,,Ailea Merriam-Pigg,CLOSED,,,20,20,,,
,,,,Ailea Merriam-Pigg,CLOSED,,,20,20,,,
,,,,Ailea Merriam-Pigg,CLOSED,,,20,20,,,
,,,,Ailea Merriam-Pigg,CLOSED,,,20,20,,,
,,,,Ailea Merriam-Pigg,CLOSED,,,20,20,,,
,,,,Ailea Merriam-Pigg,CLOSED,,,20,20,,,
,,,,Andrew Kuemmel,OPEN,,,45,43,,,
,,,,Andrew Kuemmel,OPEN,,,45,36,,,
,,,,Andrew Kuemmel,OPEN,,,50,48,,,
,,,,Andrew Kuemmel,OPEN,,,30,19,,,
,,,,Emily Miller,OPEN,,,30,29,,,
,,,,Emily Hall,OPEN,,,20,13,,,
,,,,Emily Hall,OPEN,,,25,6,,,
,,,,Angela Alexander,OPEN,,,12,7,,,
,,,,Susannah Gustafson,OPEN,,,75,67,,,
,,,,Susannah Gustafson,OPEN,,,75,63,,,
,,,,Susannah Gustafson,OPEN,,,75,69,,,
,,,,Susannah Gustafson,OPEN,,,75,72,,,
,,,,Cabell Gathman,OPEN,,,25,8,,,
,,,,Cabell Gathman,OPEN,,,25,6,,,
,,,,Cabell Gathman,OPEN,,,25,8,,,
,,,,Cabell Gathman,OPEN,,,25,15,,,
,,,,Daniel Stolz,OPEN,,,45,43,,,
,,,,Daniel Stolz,OPEN,,,45,43,,,
,,,,Rebecca Schmitt,WAITLISTED,,,20,20,,,
,,,,Rebecca Schmitt,WAITLISTED,,,20,20,,,
,,,,Rebecca Schmitt,OPEN,,,20,19,,,
,,,,Rebecca Schmitt,OPEN,,,20,11,,,
,,,,Rebecca Schmitt,WAITLISTED,,,20,20,,,
,,,,Rebecca Schmitt,WAITLISTED,,,20,20,,,
,,,,Stephanie Kann,OPEN,,,24,19,,,
,,,,Sachin Tuli,WAITLISTED,,,18,18,,,
,,,,Sachin Tuli,OPEN,,,18,16,,,
,,,,Sachin Tuli,OPEN,,,18,10,,,
,,,,Sachin Tuli,OPEN,,,18,11,,,
,,,,Alexandra Flint,OPEN,,,4,3,,,
,,,,Jess Johnson,OPEN,,,3,1,,,
,,,,Deirdre Brenner,OPEN,,,2,1,,,
,,,,Kathleen Doherty,OPEN,,,25,22,,,
,,,,Kathleen Doherty,OPEN,,,25,14,,,
,,,,Kathleen Doherty,OPEN,,,25,20,,,
,,,,Kathleen Doherty,OPEN,,,25,23,,,
,,,,Kathleen Doherty,OPEN,,,25,14,,,
,,,,Kathleen Doherty,OPEN,,,25,13,,,
,,,,Nina Caputo,OPEN,,,35,3,,,
,,,,Nina Caputo,OPEN,,,35,3,,,
,,,,Cabell Gathman,OPEN,,,25,0,,,
,,,,Cabell Gathman,OPEN,,,25,5,,,
,,,,Cabell Gathman,OPEN,,,25,6,,,
,,,,Cabell Gathman,OPEN,,,25,6,,,
,,,,"Clare Haden,Anna Gebarski,David Logghe",CLOSED,,,30,30,,,
,,,,"Clare Haden,Anna Gebarski,David Logghe",CLOSED,,,30,30,,,
,,,,"Clare Haden,Anna Gebarski,David Logghe",CLOSED,,,30,30,,,
,,,,"Clare Haden,Anna Gebarski,David Logghe",CLOSED,,,30,30,,,
,,,,"Clare Haden,Anna Gebarski,David Logghe",CLOSED,,,30,30,,,
,,,,"Clare Haden,Anna Gebarski,David Logghe",CLOSED,,,30,30,,,
,,,,Matthew Brown,CLOSED,,,100,83,,,
,,,,Matthew Brown,OPEN,,,20,7,,,
,,,,Matthew Brown,CLOSED,,,19,19,,,
,,,,Matthew Brown,CLOSED,,,19,19,,,
,,,,Matthew Brown,OPEN,,,19,18,,,
,,,,Matthew Brown,CLOSED,,,19,19,,,
,,,,Andrea Lang,OPEN,,,25,11,,,
,,,,"John Puccinelli,Amit Nimunkar",WAITLISTED,,,30,37,,,
,,,,"John Puccinelli,Amit Nimunkar",WAITLISTED,,,30,37,,,
,,,,"John Puccinelli,Amit Nimunkar",WAITLISTED,,,30,39,,,
,,,,"John Puccinelli,Amit Nimunkar",WAITLISTED,,,30,38,,,
,,,,Megan Bailon,OPEN,,,40,36,,,
,,,,Megan Bailon,WAITLISTED,,,40,40,,,
,,,,"Misha Finney,Lukas Suveg",OPEN,,,80,37,,,
,,,,"Belkis Cerrato Caceres,Riley Ford",CLOSED,,,67,68,,,
,,,,"Asude Aydagul,Sihyun Lee",CLOSED,,,70,70,,,
,,,,"Jeff Meyer,Raegan Ooten",OPEN,,,70,69,,,
,,,,"Patricia Sigler,Raegan Ooten",CLOSED,,,70,70,,,
,,,,"Caroline Druschke,Nathan Wood",CLOSED,,,19,19,,,
,,,,"Mari Murphy,Caroline Druschke",CLOSED,,,19,19,,,
,,,,"Caroline Druschke,Nora Harris",CLOSED,,,19,19,,,
,,,,"Caroline Druschke,Gabriel Carter",CLOSED,,,19,19,,,
,,,,"Erin Miller,Caroline Druschke",CLOSED,,,19,19,,,
,,,,"Caroline Druschke,Nicholas Avery",CLOSED,,,19,19,,,
,,,,"Caroline Druschke,Taylor Dickson",CLOSED,,,19,19,,,
,,,,"Caroline Druschke,Elizabeth Keylon",CLOSED,,,19,19,,,
,,,,Gregory Nellis,OPEN,,,50,49,,,
,,,,Gregory Nellis,OPEN,,,70,68,,,
,,,,Gregory Nellis,OPEN,,,132,129,,,
,,,,Gregory Nellis,OPEN,,,132,125,,,
,,,,Gregory Nellis,CLOSED,,,132,132,,,
,,,,Gregory Nellis,OPEN,,,132,131,,,
,,,,Gregory Nellis,OPEN,,,132,130,,,
,,,,Antonio Hernandez,OPEN,,,50,49,,,
,,,,Antonio Hernandez,OPEN,,,70,68,,,
,,,,Antonio Hernandez,OPEN,,,132,129,,,
,,,,Antonio Hernandez,OPEN,,,132,125,,,
,,,,Antonio Hernandez,WAITLISTED,,,132,132,,,
,,,,Antonio Hernandez,OPEN,,,132,131,,,
,,,,Antonio Hernandez,OPEN,,,132,130,,,
,,,,Jennifer Detlor,CLOSED,,,50,49,,,
,,,,Jennifer Detlor,CLOSED,,,70,68,,,
,,,,Jennifer Detlor,CLOSED,,,132,129,,,
,,,,Jennifer Detlor,CLOSED,,,132,125,,,
,,,,Jennifer Detlor,WAITLISTED,,,132,132,,,
,,,,Jennifer Detlor,CLOSED,,,132,131,,,
,,,,Jennifer Detlor,CLOSED,,,132,130,,,
,,,,"Russell Groves,Christelle Guedot,Sean Schoville",WAITLISTED,,,59,59,,,
,,,,"Russell Groves,Christelle Guedot,Sean Schoville",WAITLISTED,,,60,63,,,
,,,,"Russell Groves,Christelle Guedot,Sean Schoville",OPEN,,,70,56,,,
,,,,"Russell Groves,Christelle Guedot,Sean Schoville",WAITLISTED,,,77,10,,,
,,,,"Russell Groves,Christelle Guedot,Sean Schoville",WAITLISTED,,,70,11,,,
,,,,"Russell Groves,Christelle Guedot,Sean Schoville",OPEN,,,69,13,,,
,,,,"Bradley Bolling,Richard Hartel",OPEN,,,48,40,,,
,,,,Jennifer Ratner-Rosenhagen,OPEN,,,15,8,,,
,,,,Jennifer Ratner-Rosenhagen,OPEN,,,15,13,,,
,,,,Jennifer Ratner-Rosenhagen,WAITLISTED,,,15,15,,,
,,,,Vaneesa Cook,OPEN,,,15,11,,,
,,,,Charlotte Whatley,WAITLISTED,,,15,15,,,
,,,,Francis Russo,WAITLISTED,,,18,18,,,
,,,,Joseph Dennis,WAITLISTED,,,15,15,,,
,,,,Joseph Dennis,OPEN,,,15,14,,,
,,,,Joseph Dennis,WAITLISTED,,,15,15,,,
,,,,Juan Fernandez Capiral,WAITLISTED,,,15,16,,,
,,,,Juan Fernandez Capiral,OPEN,,,15,14,,,
,,,,Juan Fernandez Capiral,OPEN,,,15,14,,,
,,,,Marcella Hayes,WAITLISTED,,,15,15,,,
,,,,Emily Lobenstein,OPEN,,,15,12,,,
,,,,Paul Grant,OPEN,,,15,14,,,
,,,,April Haynes,OPEN,,,15,13,,,
,,,,Emily Lobenstein,OPEN,,,15,12,,,
,,,,Selenay Aydin,WAITLISTED,,,15,15,,,
,,,,Vaneesa Cook,OPEN,,,15,11,,,
,,,,April Haynes,OPEN,,,15,13,,,
,,,,Marcella Hayes,WAITLISTED,,,15,15,,,
,,,,Charlotte Whatley,WAITLISTED,,,15,15,,,
,,,,Daniel Stolz,OPEN,,,15,11,,,
,,,,Francis Russo,WAITLISTED,,,18,18,,,
,,,,Jennifer Ratner-Rosenhagen,OPEN,,,15,8,,,
,,,,Jennifer Ratner-Rosenhagen,OPEN,,,15,13,,,
,,,,Jennifer Ratner-Rosenhagen,WAITLISTED,,,15,15,,,
,,,,Viren Murthy,OPEN,,,15,12,,,
,,,,John Hall,OPEN,,,15,12,,,
,,,,Paul Grant,OPEN,,,15,14,,,
,,,,Paul Grant,OPEN,,,15,14,,,
,,,,Paul Grant,WAITLISTED,,,15,15,,,
,,,,Paul Grant,OPEN,,,15,14,,,
,,,,Juan Fernandez Capiral,WAITLISTED,,,15,16,,,
,,,,Juan Fernandez Capiral,OPEN,,,15,14,,,
,,,,Juan Fernandez Capiral,OPEN,,,15,14,,,
,,,,Joseph Dennis,WAITLISTED,,,15,15,,,
,,,,Joseph Dennis,OPEN,,,15,14,,,
,,,,Joseph Dennis,WAITLISTED,,,15,15,,,
,,,,Kathryn Ciancia,WAITLISTED,,,15,15,,,
,,,,Kathryn Ciancia,WAITLISTED,,,15,15,,,
,,,,Kathryn Ciancia,OPEN,,,15,14,,,
,,,,Kathryn Ciancia,WAITLISTED,,,15,15,,,
,,,,Kathryn Ciancia,WAITLISTED,,,15,15,,,
,,,,Kathryn Ciancia,OPEN,,,15,14,,,
,,,,Paul Grant,OPEN,,,15,14,,,
,,,,Paul Grant,WAITLISTED,,,15,15,,,
,,,,Paul Grant,OPEN,,,15,14,,,
,,,,Daniel Stolz,OPEN,,,15,11,,,
,,,,John Hall,OPEN,,,15,12,,,
,,,,Selenay Aydin,WAITLISTED,,,15,15,,,
,,,,Viren Murthy,OPEN,,,15,12,,,
,,,,"Kristy Burkholder,Emilee Hendricks",CLOSED,,,18,18,,,
,,,,"Kristy Burkholder,Emilee Hendricks",CLOSED,,,18,18,,,
,,,,"Kristy Burkholder,Emilee Hendricks",OPEN,,,18,17,,,
,,,,"Kristy Burkholder,Emilee Hendricks",CLOSED,,,18,18,,,
,,,,"Kristy Burkholder,Emilee Hendricks",CLOSED,,,18,18,,,
,,,,,OPEN,,,26,10,,,
,,,,"Jing Wang,DIEGO Mazorra Correa",OPEN,,,15,8,,,
,,,,"Jing Wang,DIEGO Mazorra Correa",OPEN,,,15,11,,,
,,,,"Jing Wang,DIEGO Mazorra Correa",OPEN,,,15,8,,,
,,,,"Jing Wang,DIEGO Mazorra Correa",OPEN,,,15,14,,,
,,,,"Jing Wang,DIEGO Mazorra Correa",WAITLISTED,,,15,15,,,
,,,,"Jing Wang,DIEGO Mazorra Correa",WAITLISTED,,,15,15,,,
,,,,"Jing Wang,DIEGO Mazorra Correa",OPEN,,,15,14,,,
,,,,"Jing Wang,DIEGO Mazorra Correa",OPEN,,,15,13,,,
,,,,"Jing Wang,DIEGO Mazorra Correa",OPEN,,,15,13,,,
,,,,"Jing Wang,DIEGO Mazorra Correa",OPEN,,,15,14,,,
,,,,"Jing Wang,DIEGO Mazorra Correa",WAITLISTED,,,15,15,,,
,,,,"Jing Wang,DIEGO Mazorra Correa",WAITLISTED,,,15,15,,,
,,,,"Jing Wang,DIEGO Mazorra Correa",OPEN,,,15,14,,,
,,,,"Jing Wang,DIEGO Mazorra Correa",OPEN,,,15,14,,,
,,,,"Jing Wang,DIEGO Mazorra Correa",OPEN,,,18,16,,,
,,,,Jacob Thebault-Spieker,OPEN,,,24,23,,,
,,,,Jacob Thebault-Spieker,WAITLISTED,,,24,25,,,
,,,,Jacob Thebault-Spieker,WAITLISTED,,,24,24,,,
,,,,Jacob Thebault-Spieker,OPEN,,,24,20,,,
,,,,Jacob Thebault-Spieker,WAITLISTED,,,24,24,,,
,,,,Jacob Thebault-Spieker,OPEN,,,24,20,,,
,,,,Graham Wabiszewski,CLOSED,,,18,18,,,
,,,,Graham Wabiszewski,OPEN,,,18,13,,,
,,,,Graham Wabiszewski,OPEN,,,18,16,,,
,,,,Graham Wabiszewski,OPEN,,,18,17,,,
,,,,Graham Wabiszewski,OPEN,,,18,15,,,
,,,,Graham Wabiszewski,OPEN,,,18,16,,,
,,,,Graham Wabiszewski,CLOSED,,,18,18,,,
,,,,Graham Wabiszewski,CLOSED,,,18,18,,,
,,,,Graham Wabiszewski,OPEN,,,18,17,,,
,,,,Graham Wabiszewski,CLOSED,,,20,20,,,
,,,,Deirdre Brenner,OPEN,,,5,2,,,
,,,,Christopher Taylor,OPEN,,,10,3,,,
,,,,Jess Johnson,OPEN,,,10,1,,,
,,,,"Yibin Pan,Josh Weber",WAITLISTED,,,23,23,,,
,,,,"Yibin Pan,Josh Weber",WAITLISTED,,,24,24,,,
,,,,"Yibin Pan,Josh Weber",WAITLISTED,,,24,24,,,
,,,,"Yibin Pan,Josh Weber",CLOSED,,,24,21,,,
,,,,"Yibin Pan,Josh Weber",WAITLISTED,,,22,22,,,
,,,,"Yibin Pan,Josh Weber",CLOSED,,,24,16,,,
,,,,"Yibin Pan,Josh Weber",WAITLISTED,,,24,24,,,
,,,,"Yibin Pan,Josh Weber",WAITLISTED,,,24,25,,,
,,,,"Yibin Pan,Josh Weber",WAITLISTED,,,24,24,,,
,,,,"Yibin Pan,Josh Weber",WAITLISTED,,,24,25,,,
,,,,"Yibin Pan,Josh Weber",CLOSED,,,24,22,,,
,,,,"Yibin Pan,Josh Weber",WAITLISTED,,,24,24,,,
,,,,"Yibin Pan,Josh Weber",WAITLISTED,,,24,24,,,
,,,,"Yibin Pan,Josh Weber",CLOSED,,,24,17,,,
,,,,"Yibin Pan,Josh Weber",WAITLISTED,,,24,24,,,
,,,,"Yibin Pan,Josh Weber",WAITLISTED,,,24,24,,,
,,,,"Yibin Pan,Josh Weber",WAITLISTED,,,24,24,,,
,,,,"Yibin Pan,Josh Weber",WAITLISTED,,,24,24,,,
,,,,"Yibin Pan,Josh Weber",CLOSED,,,24,23,,,
,,,,"Yibin Pan,Josh Weber",WAITLISTED,,,24,24,,,
,,,,"Yibin Pan,Josh Weber",WAITLISTED,,,24,24,,,
,,,,"Yibin Pan,Josh Weber",WAITLISTED,,,23,23,,,
,,,,"Yibin Pan,Josh Weber",WAITLISTED,,,24,24,,,
,,,,"Yibin Pan,Josh Weber",WAITLISTED,,,24,24,,,
,,,,"Yibin Pan,Josh Weber",OPEN,,,24,21,,,
,,,,"Yibin Pan,Josh Weber",WAITLISTED,,,22,22,,,
,,,,"Yibin Pan,Josh Weber",OPEN,,,24,16,,,
,,,,"Yibin Pan,Josh Weber",WAITLISTED,,,24,24,,,
,,,,"Yibin Pan,Josh Weber",WAITLISTED,,,24,25,,,
,,,,"Yibin Pan,Josh Weber",WAITLISTED,,,24,25,,,
,,,,"Yibin Pan,Josh Weber",OPEN,,,24,22,,,
,,,,"Yibin Pan,Josh Weber",WAITLISTED,,,24,24,,,
,,,,"Yibin Pan,Josh Weber",WAITLISTED,,,24,24,,,
,,,,"Yibin Pan,Josh Weber",OPEN,,,24,17,,,
,,,,"Yibin Pan,Josh Weber",WAITLISTED,,,24,24,,,
,,,,"Yibin Pan,Josh Weber",WAITLISTED,,,24,24,,,
,,,,"Yibin Pan,Josh Weber",WAITLISTED,,,24,24,,,
,,,,"Yibin Pan,Josh Weber",OPEN,,,24,23,,,
,,,,"Yibin Pan,Josh Weber",WAITLISTED,,,24,24,,,
,,,,"Yibin Pan,Josh Weber",WAITLISTED,,,24,24,,,
,,,,Tony Lo Sasso,WAITLISTED,,,25,25,,,
,,,,Tony Lo Sasso,WAITLISTED,,,25,25,,,
,,,,Tony Lo Sasso,OPEN,,,25,24,,,
,,,,Tony Lo Sasso,OPEN,,,25,24,,,
,,,,Nicole Nelson,OPEN,,,18,17,,,
,,,,Nicole Nelson,OPEN,,,18,10,,,
,,,,Nicole Nelson,OPEN,,,18,8,,,
,,,,Nicole Nelson,WAITLISTED,,,18,18,,,
,,,,Nicole Nelson,OPEN,,,18,17,,,
,,,,Nicole Nelson,OPEN,,,18,10,,,
,,,,Nicole Nelson,OPEN,,,18,8,,,
,,,,Nicole Nelson,WAITLISTED,,,18,18,,,
,,,,Warrick Moses,OPEN,,,24,11,,,
,,,,Jacqueline-Bethel Mougoue,OPEN,,,24,4,,,
,,,,Warrick Moses,OPEN,,,24,11,,,
,,,,Jacqueline-Bethel Mougoue,OPEN,,,24,4,,,
,,,,"Ryan Hansen,Scott Gross,Divot Ware,Matthew Hodge,Nathan Mallow",OPEN,,,25,2,,,
,,,,"Ryan Hansen,Scott Gross,Divot Ware,Matthew Hodge,Nathan Mallow",OPEN,,,25,10,,,
,,,,"Weihua Zhu,Zhijie Wang",OPEN,,,20,9,,,
,,,,"Weihua Zhu,Eliot Chen",OPEN,,,20,17,,,
,,,,"Weihua Zhu,Eliot Chen",OPEN,,,20,9,,,
,,,,Michael Maseda,OPEN,,,25,20,,,
,,,,"Roya Abdi,Bobby Gibbs",OPEN,,,100,65,,,
,,,,Harsh Sharma,OPEN,,,60,59,,,
,,,,Harsh Sharma,CLOSED,,,60,60,,,
,,,,Harsh Sharma,OPEN,,,60,34,,,
,,,,Antonio Hernandez,CLOSED,,,60,60,,,
,,,,Antonio Hernandez,CLOSED,,,60,60,,,
,,,,Antonio Hernandez,OPEN,,,60,50,,,
,,,,"Robert Beattie,Paul Robbins",OPEN,,,35,23,,,
,,,,Judith Sone,OPEN,,,20,15,,,
,,,,Yang Li,CLOSED,,,152,28,,,
,,,,Yang Li,OPEN,,,18,5,,,
,,,,Yang Li,OPEN,,,18,4,,,
,,,,Yang Li,OPEN,,,18,4,,,
,,,,Yang Li,OPEN,,,18,8,,,
,,,,Yang Li,OPEN,,,20,12,,,
,,,,Yang Li,OPEN,,,20,8,,,
,,,,Yang Li,OPEN,,,20,18,,,
,,,,Hannah Hatlan-Atwell,OPEN,,,415,413,,,
,,,,Stacy Forster Benedict,OPEN,,,15,14,,,
,,,,Stacy Forster Benedict,CLOSED,,,15,15,,,
,,,,Stacy Forster Benedict,CLOSED,,,15,15,,,
,,,,Stacy Forster Benedict,OPEN,,,15,14,,,
,,,,Stacy Forster Benedict,CLOSED,,,15,15,,,
,,,,Stacy Forster Benedict,CLOSED,,,15,15,,,
,,,,Stacy Forster Benedict,CLOSED,,,15,15,,,
,,,,Stacy Forster Benedict,CLOSED,,,15,15,,,
,,,,David McHugh,OPEN,,,24,14,,,
,,,,David McHugh,WAITLISTED,,,24,24,,,
,,,,David McHugh,WAITLISTED,,,24,24,,,
,,,,David McHugh,WAITLISTED,,,24,25,,,
,,,,David McHugh,OPEN,,,24,18,,,
,,,,David McHugh,WAITLISTED,,,24,25,,,
,,,,David McHugh,WAITLISTED,,,24,25,,,
,,,,David McHugh,WAITLISTED,,,24,24,,,
,,,,David McHugh,OPEN,,,24,10,,,
,,,,David McHugh,WAITLISTED,,,24,24,,,
,,,,David McHugh,WAITLISTED,,,24,24,,,
,,,,David McHugh,WAITLISTED,,,24,24,,,
,,,,David McHugh,WAITLISTED,,,24,24,,,
,,,,David McHugh,WAITLISTED,,,24,25,,,
,,,,Andrew Reynolds,OPEN,,,25,11,,,
,,,,"Michael Ramos,Adam Castillo",OPEN,,,20,4,,,
,,,,"Michael Ramos,Derek Ruck",OPEN,,,21,14,,,
,,,,Michael Breslin,OPEN,,,25,5,,,
,,,,"Josh Weber,Stanislav Boldyrev",OPEN,,,24,18,,,
,,,,"Josh Weber,Stanislav Boldyrev",WAITLISTED,,,24,24,,,
,,,,"Josh Weber,Stanislav Boldyrev",WAITLISTED,,,24,24,,,
,,,,"Josh Weber,Stanislav Boldyrev",OPEN,,,24,9,,,
,,,,"Josh Weber,Stanislav Boldyrev",WAITLISTED,,,24,24,,,
,,,,"Josh Weber,Stanislav Boldyrev",OPEN,,,24,23,,,
,,,,"Josh Weber,Stanislav Boldyrev",WAITLISTED,,,24,24,,,
,,,,"Josh Weber,Stanislav Boldyrev",WAITLISTED,,,24,25,,,
,,,,"Josh Weber,Stanislav Boldyrev",OPEN,,,24,22,,,
,,,,"Josh Weber,Stanislav Boldyrev",OPEN,,,24,21,,,
,,,,"Josh Weber,Stanislav Boldyrev",WAITLISTED,,,24,24,,,
,,,,"Josh Weber,Stanislav Boldyrev",OPEN,,,24,23,,,
,,,,"Josh Weber,Stanislav Boldyrev",OPEN,,,24,22,,,
,,,,"Josh Weber,Stanislav Boldyrev",WAITLISTED,,,24,24,,,
,,,,"Josh Weber,Stanislav Boldyrev",OPEN,,,24,23,,,
,,,,"Josh Weber,Stanislav Boldyrev",WAITLISTED,,,24,24,,,
,,,,"Josh Weber,Stanislav Boldyrev",WAITLISTED,,,24,24,,,
,,,,"Josh Weber,Stanislav Boldyrev",WAITLISTED,,,24,24,,,
,,,,"Josh Weber,Stanislav Boldyrev",OPEN,,,24,23,,,
,,,,"Josh Weber,Stanislav Boldyrev",OPEN,,,24,20,,,
,,,,"Josh Weber,Stanislav Boldyrev",WAITLISTED,,,24,24,,,
,,,,"Josh Weber,Stanislav Boldyrev",WAITLISTED,,,24,24,,,
,,,,"Josh Weber,Stanislav Boldyrev",OPEN,,,24,18,,,
,,,,"Josh Weber,Stanislav Boldyrev",WAITLISTED,,,24,24,,,
,,,,"Josh Weber,Stanislav Boldyrev",WAITLISTED,,,24,24,,,
,,,,"Josh Weber,Stanislav Boldyrev",OPEN,,,24,9,,,
,,,,"Josh Weber,Stanislav Boldyrev",WAITLISTED,,,24,24,,,
,,,,"Josh Weber,Stanislav Boldyrev",OPEN,,,24,23,,,
,,,,"Josh Weber,Stanislav Boldyrev",WAITLISTED,,,24,24,,,
,,,,"Josh Weber,Stanislav Boldyrev",WAITLISTED,,,24,25,,,
,,,,"Josh Weber,Stanislav Boldyrev",OPEN,,,24,22,,,
,,,,"Josh Weber,Stanislav Boldyrev",OPEN,,,24,21,,,
,,,,"Josh Weber,Stanislav Boldyrev",WAITLISTED,,,24,24,,,
,,,,"Josh Weber,Stanislav Boldyrev",OPEN,,,24,23,,,
,,,,"Josh Weber,Stanislav Boldyrev",OPEN,,,24,22,,,
,,,,"Josh Weber,Stanislav Boldyrev",WAITLISTED,,,24,24,,,
,,,,"Josh Weber,Stanislav Boldyrev",OPEN,,,24,23,,,
,,,,"Josh Weber,Stanislav Boldyrev",WAITLISTED,,,24,24,,,
,,,,"Josh Weber,Stanislav Boldyrev",WAITLISTED,,,24,24,,,
,,,,"Josh Weber,Stanislav Boldyrev",WAITLISTED,,,24,24,,,
,,,,"Josh Weber,Stanislav Boldyrev",OPEN,,,24,23,,,
,,,,"Josh Weber,Stanislav Boldyrev",OPEN,,,24,20,,,
,,,,"Josh Weber,Stanislav Boldyrev",WAITLISTED,,,24,24,,,
,,,,"Josh Weber,Stanislav Boldyrev",WAITLISTED,,,24,24,,,
,,,,Tingting Lyu,OPEN,,,24,3,,,
,,,,Chelsea Andrews,OPEN,,,25,24,,,
,,,,"Jonathan Gallimore,Jiwon Lee",OPEN,,,315,243,,,
,,,,"Rebecca Addington,Connor O'Brien",OPEN,,,315,228,,,
,,,,"Rebecca Addington,Michelle Marji",OPEN,,,315,210,,,
,,,,Ida Johnson,OPEN,,,20,3,,,
,,,,Luis Madureira,OPEN,,,24,22,,,
,,,,Luis Madureira,OPEN,,,24,22,,,
,,,,Brigitte Fielder,OPEN,,,20,8,,,
,,,,Brigitte Fielder,OPEN,,,20,8,,,
,,,,Christopher Livanos,CLOSED,,,20,20,,,
,,,,Christopher Livanos,CLOSED,,,20,20,,,
,,,,Michael Rutkowski,OPEN,,,10,8,,,
,,,,Eduardo Romero Arvelo,OPEN,,,90,81,,,
,,,,Feng Ye,OPEN,,,110,108,,,
,,,,Saeideh Mirzaei As,OPEN,,,26,6,,,
,,,,Rania Belhadj Yahia,OPEN,,,26,15,,,
,,,,"Jeanne Schueller,Emerson McManus",OPEN,,,22,9,,,
,,,,"Jeanne Schueller,Patricia Haberkorn",OPEN,,,22,12,,,
,,,,Ozge Sahin,OPEN,,,26,12,,,
,,,,"Kajsa Dalrymple,Tomas Dodds Rojas",OPEN,,,30,27,,,
,,,,"Kajsa Dalrymple,Tomas Dodds Rojas",CLOSED,,,30,30,,,
,,,,"Kajsa Dalrymple,Tomas Dodds Rojas",CLOSED,,,30,30,,,
,,,,"Kajsa Dalrymple,Tomas Dodds Rojas",CLOSED,,,30,31,,,
,,,,Mina Amiri,OPEN,,,27,21,,,
,,,,Sal Chun,WAITLISTED,,,27,27,,,
,,,,Jan Diaz Hernandez,WAITLISTED,,,27,27,,,
,,,,Abdul Nasir Habib,OPEN,,,27,26,,,
,,,,Maria Paula Restrepo Florez,OPEN,,,27,23,,,
,,,,Adeola Agoke,OPEN,,,24,23,,,